"var1","var2","var3","var4","var5","var6","class"
-0.06173102354640747,-0.9559197639988523,-0.2908716304396944,-0.28789168489562533,0.1034783002693444,-0.19527168382016377,"+"
2.266444267315627,-0.060006999121504964,0.2440134298686009,0.7402929040173223,-0.8113307237034743,-0.08778819584001675,"+"
-0.5910898450678396,-0.8554811132278491,-0.21616701307820063,-0.49352860267821486,0.5522525384446895,-0.03711740864937602,"+"
-0.312611981613437,-0.6465687196241628,0.45617454317524314,0.5346559862347328,-0.48338031888302985,-0.1946958794202701,"+"
-0.9531946945445854,0.17401505717493218,-0.1534151344945459,-0.49352860267821486,-0.3683100014021721,-0.19527168382016377,"+"
0.04280270898152149,-0.15241055783082777,0.08265145636777436,-0.49352860267821486,1.0125338083681201,-0.19527168382016377,"+"
0.13395612374587584,-0.7470073703951658,1.2779253341516743,-0.49352860267821486,-0.1151553029442852,5.8094085330707275,"+"
-0.7232204829831417,1.3712437743652888,-0.6524419784693242,-0.49352860267821486,-0.5984506363638875,0.0636483613320118,"+"
1.9110295767206682,-0.8554811132278491,0.5189264217588979,-0.49352860267821486,-0.023099048959599057,-0.1350041566312956,"+"
0.9141959033343374,0.03139217308010783,0.28136573854934777,-0.49352860267821486,-0.7595490808370883,0.08149829772871478,"+"
-0.7934671512419103,-0.7891916037189871,-0.01745273089662725,-0.49352860267821486,-0.3222818744098291,-0.19527168382016377,"+"
-0.13783158082673946,-0.587309915669271,0.6309833478011385,-0.49352860267821486,0.43718222096383175,-0.1568847238272541,"+"
0.558781212739379,0.24934404525318446,-0.36557624780118814,-0.49352860267821486,-1.0587319062873184,-0.19527168382016377,"+"
1.3808344853390122,0.2573791373148647,-0.6524419784693242,-0.49352860267821486,-1.0587319062873184,0.321032928084471,"+"
1.1926737667887402,1.153291902192212,0.8296976299827119,0.9459298217999118,-1.0587319062873184,-0.19527168382016377,"+"
0.4266505748240769,-0.06904647769089522,-0.5896900998856694,1.5628405751476804,0.7823931734064048,-0.19527168382016377,"+"
-0.2774886474840527,-0.7801521251495969,-0.37752898657902717,0.12338215066955371,1.219660379833664,-0.19527168382016377,"+"
-0.6956235775957685,0.2242343825604337,0.2828598308965776,1.5628405751476804,-0.3683100014021721,-0.14824765782884944,"+"
-0.814373897747496,-0.9057004386133507,-0.46568043506558976,-0.49352860267821486,-1.0587319062873184,-0.19527168382016377,"+"
-1.0368216805669286,0.7686118697392704,-0.4402808651626819,0.9459298217999118,-0.5063943823792014,-0.19527168382016377,"+"
-0.549276352056668,1.3039498783487167,0.08265145636777436,3.0022989996258067,0.09197126852125864,0.03658555453701049,"+"
-0.6956235775957685,-0.7550424624568461,-0.414881295259774,-0.49352860267821486,0.6673228559255471,-0.19527168382016377,"+"
1.3532375799516392,0.6510986483371967,1.6888007296398901,0.7402929040173223,-1.0587319062873184,0.046566164135167,"+"
-0.3468990458825974,1.9568011083602364,0.25746026099366975,-0.28789168489562533,-0.3683100014021721,-0.19316040102055373,"+"
0.8029720119246212,0.34978269602418754,-0.5149854825241756,0.12338215066955371,-0.22447210455110003,-0.19527168382016377,"+"
-1.3161358138815549,-0.8384065425967786,-0.21616701307820063,-0.08225476711303581,-0.48338031888302985,-0.19527168382016377,"+"
1.2905173404348818,1.6554851560472272,0.8790026774412978,1.357203657365091,-1.0587319062873184,-0.19527168382016377,"+"
2.091663866528929,2.760310314528261,3.817882324442462,3.0022989996258067,-1.0587319062873184,-0.19527168382016377,"+"
2.161910534787698,0.7515372991081998,1.427334568874662,0.12338215066955371,-1.0587319062873184,-0.19527168382016377,"+"
0.8790725692049531,-0.7470073703951658,0.8296976299827119,0.7402929040173223,1.818026030734124,1.7240763158253185,"+"
-0.19386166146170952,2.015055525807418,0.8416503687605509,0.5346559862347328,-0.09214123944811367,-0.19527168382016377,"+"
0.8723824103231659,1.0106690180973874,1.7142002995427978,1.1515667395825013,-1.0587319062873184,-0.19527168382016377,"+"
1.4995848054907397,0.5677345681972642,1.6021433735005572,2.591025164060628,-1.0587319062873184,0.7644023160025774,"+"
0.43334073370586423,0.07357640640392911,0.8296976299827119,-0.49352860267821486,-1.0587319062873184,0.5724675160380291,"+"
-0.7516536582307386,1.2035112275777136,-0.5403850524270836,0.5346559862347328,-1.0587319062873184,-0.08778819584001675,"+"
-0.312611981613437,-0.654603811685843,-0.06675777835521314,1.76847749293027,1.4382939830472936,-0.18855396582140457,"+"
-0.36111563350639586,-0.6375292410547725,-0.11606282581379902,1.9741144107128594,2.2955678482796835,-0.058422171445440874,"+"
-0.7165303241013543,1.4043885291197196,-0.5149854825241756,-0.08225476711303581,0.6673228559255471,-0.08951560903969769,"+"
-0.31930214049522426,-0.8384065425967786,-0.5896900998856694,-0.08225476711303581,0.43718222096383175,-0.09930428383788965,"+"
1.9244098944842427,0.9353400300191351,3.6430735198165665,1.76847749293027,-0.8861264300660318,-0.13769124383079928,"+"
0.217583109768219,0.8861250911413439,0.6802883952597244,1.9741144107128594,-1.0587319062873184,-0.1528540930279986,"+"
-0.22145856684908263,2.0572397591312397,0.9298018172471135,1.76847749293027,-1.0587319062873184,0.24291546449889984,"+"
-0.15873832733232526,-0.6716783823169136,-0.4402808651626819,-0.28789168489562533,0.322111903482974,-0.17607820382370892,"+"
0.6700051041490953,1.8392878869581626,1.9129145817243713,0.7402929040173223,-0.6559857951043164,-0.19527168382016377,"+"
2.0782835487653544,4.668644679177318,7.851931661963125,7.731948108625366,-1.0587319062873184,-0.19239266182069553,"+"
1.903503147978657,0.40000202140968905,0.12000376504852124,1.76847749293027,-1.0587319062873184,-0.14076220063023206,"+"
0.7887554243008227,-0.5461300688531597,-0.6270424085664162,4.2361205063213445,1.5591178164021942,0.04195972893601785,"+"
0.029422391217946868,-0.060006999121504964,1.140468838206526,0.12338215066955371,0.7306115305400188,-0.13769124383079928,"+"
0.8305689173119943,-0.6465687196241628,0.3814699258137494,-0.49352860267821486,0.18402752250594479,-0.19527168382016377,"+"
-0.6395934969607985,-0.8223363584734181,-0.6150896697885773,-0.49352860267821486,-0.48338031888302985,-0.19527168382016377,"+"
-0.4865561125399106,-0.8554811132278491,-0.40292855648193504,-0.49352860267821486,1.766244387867738,-0.19527168382016377,"+"
-0.46564936603432483,-0.7550424624568461,-0.14146239571670688,-0.49352860267821486,0.5522525384446895,-0.19527168382016377,"+"
0.4893708143408343,-0.5461300688531597,-0.6524419784693242,-0.49352860267821486,1.2426744433298356,0.9179501559742159,"+"
0.28030334928497636,-0.4537265101438369,-0.6643947172471631,-0.49352860267821486,0.31635838760893115,-0.1568847238272541,"+"
0.22427326865000632,-0.35328785937283386,1.5513442336947416,-0.49352860267821486,-1.0587319062873184,-0.19527168382016377,"+"
-0.6889334187139813,1.3792788664269688,-0.414881295259774,-0.49352860267821486,-0.13816936644045674,-0.13769124383079928,"+"
-0.7023137364775559,-0.9559197639988523,-0.6389951473442553,-0.49352860267821486,-1.0587319062873184,-0.19527168382016377,"+"
1.0672332877552253,-0.8554811132278491,0.8296976299827119,-0.49352860267821486,0.7823931734064048,-0.19527168382016377,"+"
0.3012100957905622,-0.05197190705982471,1.053811482067193,-0.49352860267821486,3.0320178801571727,-0.19527168382016377,"+"
0.9769161428510948,-0.35328785937283386,1.128516099428687,1.76847749293027,-0.5984506363638875,-0.19527168382016377,"+"
2.105880454152728,1.5048271798907227,-0.2908716304396944,0.32901906845214324,0.09197126852125864,-0.19527168382016377,"+"
0.008515644712361077,2.2912618154276765,0.23206069109076188,1.357203657365091,0.3796470622234029,-0.05515927984604356,"+"
-0.68140698997197,-0.7972266957806674,-0.21616701307820063,-0.08225476711303581,-0.5984506363638875,-0.11849776383434447,"+"
-0.9322879480389996,-0.7881872172112772,-0.1907674431752928,-0.28789168489562533,-1.0587319062873184,-0.19527168382016377,"+"
-0.40961928539935477,-0.10219123244532624,0.6175365166760697,-0.28789168489562533,-0.3683100014021721,-0.19527168382016377,"+"
0.217583109768219,-0.6465687196241628,-0.20421427430036163,-0.28789168489562533,1.9330963482149817,9.401468314407248,"+"
0.37062049418910686,-0.7550424624568461,-0.06675777835521314,1.76847749293027,-1.0587319062873184,-0.10774941503632977,"+"
-0.5074628590454964,-0.8805907759206,-0.5896900998856694,0.12338215066955371,0.43718222096383175,2.704479274044231,"+"
-1.0159149340613427,0.34978269602418754,-0.22811975185603967,0.9459298217999118,-0.5984506363638875,0.3717037152751117,"+"
0.3012100957905622,4.091122437244051,-0.17881470439745376,-0.28789168489562533,1.9043287688447674,-0.09930428383788965,"+"
0.06370945548710728,0.5506599975661937,-0.1907674431752928,-0.49352860267821486,1.3577447608106932,-0.19527168382016377,"-"
0.2727769205429652,-0.15241055783082777,3.0708361508275246,-0.49352860267821486,"?",-0.19527168382016377,"-"
0.5863781181267521,0.048466743711178345,3.3696546202734994,-0.49352860267821486,4.579713650274709,-0.19527168382016377,"-"
1.060543128873438,-0.8554811132278491,2.547903829297068,-0.49352860267821486,1.2426744433298356,-0.19527168382016377,"-"
1.1090467807663968,0.4502213467951906,-0.17881470439745376,-0.49352860267821486,-0.13816936644045674,-0.19488781422023466,"-"
-0.9113812015334137,0.10672116115836013,-0.5523377912049225,-0.28789168489562533,-0.13816936644045674,-0.19527168382016377,"-"
0.21005668102620784,0.34978269602418754,-0.6270424085664162,-0.49352860267821486,1.4900756259136796,-0.19527168382016377,"-"
-1.0368216805669286,-0.8384065425967786,-0.48958591262126777,-0.49352860267821486,-0.13816936644045674,-0.19527168382016377,"-"
-0.8277542155110706,-0.7218977077024151,0.08265145636777436,-0.28789168489562533,-0.023099048959599057,-0.19143298782087279,"-"
-0.841970803134869,1.0026339260357073,-0.5896900998856694,-0.49352860267821486,-0.25323968392131446,-0.19527168382016377,"-"
1.506274964372527,2.860748965299264,-0.6643947172471631,-0.28789168489562533,-0.5179014141272872,-0.19527168382016377,"-"
-0.3259922993770116,-0.654603811685843,-0.06675777835521314,-0.49352860267821486,1.0585619353604632,-0.19527168382016377,"-"
0.6909118506546811,-0.8554811132278491,-0.5896900998856694,-0.49352860267821486,0.5982806654370325,-0.19527168382016377,"-"
"?",-0.2528492086018308,0.23206069109076188,-0.49352860267821486,0.6673228559255471,-0.19527168382016377,"-"
-0.36111563350639586,-0.8303714505350984,-0.5284323136492445,-0.49352860267821486,0.09197126852125864,-0.19527168382016377,"-"
0.4684640678352485,-0.15241055783082777,0.8296976299827119,-0.49352860267821486,0.5522525384446895,-0.19527168382016377,"-"
"?",-0.8805907759206,-0.40292855648193504,-0.49352860267821486,4.280530824824479,-0.19527168382016377,"-"
-0.4932462714216979,-0.5119809275910188,0.5308791605367369,-0.49352860267821486,0.02292907803274402,-0.19527168382016377,"-"
0.20336652214442053,-0.05197190705982471,-0.36557624780118814,-0.49352860267821486,0.322111903482974,-0.19527168382016377,"-"
1.4577713124795681,-0.654603811685843,-0.6643947172471631,-0.49352860267821486,-0.48338031888302985,-0.19008944422112095,"-"
2.586735623781201,1.6052658306617258,0.8296976299827119,-0.49352860267821486,-0.4143381283945152,-0.19527168382016377,"-"
-0.012391101793224715,2.1576784099022426,-0.5149854825241756,-0.49352860267821486,-0.3683100014021721,-0.19527168382016377,"-"
"?",0.048466743711178345,1.8755622730436243,-0.49352860267821486,-1.0587319062873184,-0.19527168382016377,"-"
1.7362491759339707,-0.6797134743785939,2.1624280037117605,-0.49352860267821486,0.09197126852125864,-0.17607820382370892,"-"
-0.23567515447288112,-0.654603811685843,-0.21616701307820063,-0.49352860267821486,-1.0587319062873184,-0.1520863538281404,"-"
-0.2498917420966796,-0.24481411654015056,-0.5149854825241756,-0.49352860267821486,-0.07488069182598502,-0.19527168382016377,"-"
-0.7165303241013543,-0.8303714505350984,-0.6270424085664162,-0.49352860267821486,-0.023099048959599057,-0.1950797490201992,"-"
"?",-0.8554811132278491,-0.414881295259774,-0.49352860267821486,0.7823931734064048,-0.19527168382016377,"-"
-0.758343817112526,1.253730552963215,0.23206069109076188,-0.49352860267821486,0.4832103479561748,-0.19527168382016377,"-"
-0.2565819009784669,-0.7550424624568461,-0.36557624780118814,-0.08225476711303581,-0.09789475532215655,-0.09930428383788965,"-"
0.4960609732226216,-0.6043844863003415,-0.5896900998856694,-0.49352860267821486,-0.1151553029442852,-0.11849776383434447,"-"
0.3079002546723495,2.358555711444249,0.5308791605367369,-0.49352860267821486,-0.5984506363638875,-0.19527168382016377,"-"
-1.0786351735781001,0.048466743711178345,-0.5523377912049225,-0.08225476711303581,-1.0587319062873184,-0.18797816142151091,"-"
-0.549276352056668,1.4546078545052212,0.007946839006280612,-0.08225476711303581,-0.3683100014021721,-0.19431200982034103,"-"
-0.312611981613437,-0.15241055783082777,1.053811482067193,-0.08225476711303581,-0.627218215734102,-0.19527168382016377,"-"
1.9453166409898286,2.1576784099022426,-0.6643947172471631,3.6192097529735756,-0.18419749343279984,-0.1703201598247725,"-"
-0.23567515447288112,-0.7218977077024151,-0.5149854825241756,-0.49352860267821486,0.5522525384446895,-0.19527168382016377,"-"
-0.549276352056668,1.253730552963215,0.6802883952597244,-0.49352860267821486,-0.3683100014021721,-0.19527168382016377,"-"
0.7820652654190354,-0.5039458355293385,2.323789977212587,-0.49352860267821486,-0.04611311245577059,-0.19527168382016377,"-"
-0.9883180286739697,-0.8052617878423476,-0.42683403403761305,0.5346559862347328,-0.25323968392131446,-0.19431200982034103,"-"
-0.20055182034349683,-0.2528492086018308,0.3814699258137494,0.12338215066955371,0.8341748162727908,-0.19527168382016377,"-"
-0.5910898450678396,-0.7470073703951658,-0.5149854825241756,0.12338215066955371,-0.023099048959599057,-0.16705726822537517,"-"
-0.5843996861860523,1.5550465052762241,-0.40292855648193504,-0.49352860267821486,0.43718222096383175,-0.19527168382016377,"-"
0.18245977563883473,-0.8052617878423476,-0.36557624780118814,0.12338215066955371,0.16101345900977326,-0.19527168382016377,"-"
-0.9113812015334137,-0.7048231370713446,-0.25351932175894754,0.12338215066955371,-0.25323968392131446,-0.15496537582760864,"-"
-0.5141530179272837,-0.7299327997640953,-0.2789188916618554,-0.08225476711303581,0.09197126852125864,-0.19527168382016377,"-"
0.5169677197282074,0.4502213467951906,2.7720176813815494,0.9459298217999118,0.6673228559255471,-0.19431200982034103,"-"
1.7504657635577692,0.34978269602418754,1.2151734555680196,2.591025164060628,-1.0587319062873184,1.9547819453827053,"+"
2.196197599056858,0.45825643885687084,3.519063854996487,0.7402929040173223,1.0125338083681201,0.06038546973261447,"+"
-0.9046910426516265,1.120147147437781,-0.5642905299827615,-0.28789168489562533,-0.5984506363638875,-0.18567494382193636,"+"
0.6984382793966922,0.29152827857700575,-0.6524419784693242,-0.28789168489562533,0.09197126852125864,-0.13769124383079928,"+"
-0.4932462714216979,1.5550465052762241,-0.3028243692175334,13.284144888755284,-0.25323968392131446,-0.14575250542931031,"+"
-0.5701830985622538,1.5550465052762241,-0.21616701307820063,1.9741144107128594,-0.3683100014021721,-0.08644465224026492,"+"
1.0538529699916508,0.38292745077861856,1.5393914949169025,0.12338215066955371,-1.0587319062873184,-0.19527168382016377,"+"
-0.6747168310901828,0.8519759498792028,1.8755622730436243,0.5346559862347328,-0.3683100014021721,-0.19527168382016377,"+"
0.28030334928497636,0.048466743711178345,1.5767438035976493,0.7402929040173223,-1.0587319062873184,-0.003336883855615537,"+"
1.3465474210698518,-0.4537265101438369,0.08265145636777436,1.9741144107128594,1.3002096020702645,0.28648466409085227,"+"
-0.7374370706069401,1.253730552963215,0.08265145636777436,0.9459298217999118,-0.48338031888302985,-0.03999643064884425,"+"
0.23848985627380478,-0.10219123244532624,0.30676530845225564,-0.08225476711303581,0.5177314432004321,-0.07819145584178934,"+"
-0.2632720598602542,-0.2528492086018308,-0.414881295259774,-0.49352860267821486,0.5522525384446895,-0.19527168382016377,"+"
3.0257773003985022,0.1489053944821814,3.2202453855505118,-0.28789168489562533,-1.0587319062873184,-0.19527168382016377,"+"
-0.9322879480389996,-0.587309915669271,0.007946839006280612,-0.28789168489562533,-0.48338031888302985,-0.1664814638254815,"+"
1.325640674564266,0.6510986483371967,1.2779253341516743,0.7402929040173223,1.0988365464787635,9.61259659436825,"+"
0.39152724069469264,0.048466743711178345,0.08265145636777436,0.7402929040173223,-1.0587319062873184,-0.12483161223317456,"+"
0.09214263073470425,0.1489053944821814,0.9791068647056994,1.9741144107128594,1.2887025703221786,-0.003336883855615537,"+"
1.4226479783501838,0.34978269602418754,1.128516099428687,-0.49352860267821486,0.9549986496276913,-0.19527168382016377,"+"
0.6984382793966922,-0.847446021166169,-0.5149854825241756,0.12338215066955371,0.09197126852125864,-0.003336883855615537,"+"
0.16824318801503624,-0.4035071847583354,0.6055837778982306,0.7402929040173223,0.11498533201743018,-0.19527168382016377,"+"
-1.0652548558145256,0.9524146006502059,-0.17881470439745376,0.7402929040173223,-0.828591271325603,-0.08011080384143482,"+"
-0.388712538893769,1.7559238068182303,0.8296976299827119,-0.08225476711303581,-1.0587319062873184,0.7644023160025774,"+"
-0.026607689417023198,-0.2026298832163293,-0.4776331738434288,1.357203657365091,-0.01734553308555617,-0.19527168382016377,"+"
2.084973707647142,2.2581170606732455,-0.6643947172471631,2.591025164060628,-1.0587319062873184,-0.14786378822892035,"+"
0.9560093963455091,-0.8976653465516704,-0.14146239571670688,1.1515667395825013,-0.48338031888302985,-0.12329613383345818,"+"
-0.7725604047363244,1.253730552963215,-0.06675777835521314,-0.28789168489562533,-0.5984506363638875,-0.14191380943001936,"+"
-0.36111563350639586,-0.621459056931412,0.8550971998856197,1.357203657365091,1.2369209274557926,-0.03654160424948238,"+"
0.10552294849827887,-0.4537265101438369,0.15735607372926813,0.7402929040173223,-0.13816936644045674,0.20241722170638016,"+"
-0.6956235775957685,-0.654603811685843,0.04529914768702749,0.12338215066955371,-1.0587319062873184,-0.08356563024079669,"+"
0.7327253436658526,0.5586950896278738,1.726153038320637,2.3853882462780382,-1.0587319062873184,0.24617835609829716,"+"
-0.08932792893378057,0.34978269602418754,0.5308791605367369,0.9459298217999118,-1.0587319062873184,0.39300847807117656,"+"
1.7780626689451422,2.0572397591312397,0.9791068647056994,2.3853882462780382,-1.0587319062873184,0.22698487610184234,"+"
1.2629204350475087,-0.8635162052895294,-0.5403850524270836,1.76847749293027,1.472815078291551,-0.19412007502037648,"+"
2.23801109206803,1.052853251421209,0.5308791605367369,2.3853882462780382,-1.0587319062873184,0.11220786572304249,"+"
0.48184438559882314,0.34978269602418754,0.6055837778982306,1.9741144107128594,-0.52365493000133,-0.19527168382016377,"+"
-0.709840165219567,-0.4537265101438369,-0.34017667789828027,1.76847749293027,-0.7135209538447452,0.22391391930240956,"+"
0.09883278961649156,-0.654603811685843,0.9791068647056994,0.12338215066955371,-1.0587319062873184,-0.19527168382016377,"+"
-0.8277542155110706,1.3541692037342181,-0.6643947172471631,1.76847749293027,-1.0587319062873184,-0.19527168382016377,"+"
-0.2565819009784669,-0.3452527673111536,0.09460419514561337,-0.28789168489562533,-0.6559857951043164,-0.19527168382016377,"+"
3.102714127539058,2.0572397591312397,-0.6643947172471631,2.3853882462780382,-1.0587319062873184,0.45270020086015106,"+"
-0.2983953939896385,-0.55416516091484,0.5801842079953228,-0.08225476711303581,-0.01734553308555617,-0.19527168382016377,"+"
0.21005668102620784,-0.9398495798754917,-0.6524419784693242,-0.28789168489562533,0.5522525384446895,0.18859791610893267,"+"
-0.3259922993770116,-0.55416516091484,-0.36557624780118814,0.32901906845214324,-0.25323968392131446,1.2526844471123881,"+"
1.0396363823678523,-0.55416516091484,-0.14146239571670688,-0.08225476711303581,-1.0587319062873184,-0.19239266182069553,"+"
-0.5425861931748807,-0.6124195783620218,-0.16686196561961475,-0.28789168489562533,1.213906863959621,-0.19143298782087279,"+"
0.03611255009973418,-0.6043844863003415,-0.6524419784693242,-0.49352860267821486,1.2023998322115355,-0.19527168382016377,"+"
2.426171810618302,2.358555711444249,2.6226084466585617,-0.49352860267821486,-0.9379080729324177,1.83175173860543,"+"
0.7745388366770242,1.052853251421209,-0.14146239571670688,-0.49352860267821486,-0.8918799459400747,-0.0346222562498369,"+"
-1.0234413628033538,0.9524146006502059,-0.36557624780118814,-0.49352860267821486,-0.7135209538447452,-0.11849776383434447,"+"
0.06370945548710728,-0.847446021166169,-0.6524419784693242,-0.49352860267821486,1.472815078291551,1.9499835753835917,"+"
0.4266505748240769,-0.30306853398733236,2.0249715077666117,-0.49352860267821486,-0.4718732871349441,-0.07262534664281745,"+"
0.4960609732226216,-0.7299327997640953,-0.21616701307820063,-0.49352860267821486,1.421033435425165,-0.19527168382016377,"+"
-0.5425861931748807,-0.4456914180821567,-0.5896900998856694,-0.49352860267821486,1.070068967108549,-0.19527168382016377,"+"
0.8163523296881958,-0.9559197639988523,3.817882324442462,-0.49352860267821486,-1.0587319062873184,-0.19527168382016377,"+"
2.04316021463597,1.5550465052762241,1.726153038320637,-0.49352860267821486,-0.920647525310289,0.19397209050794004,"+"
1.5271817108781127,1.772998377449301,1.8755622730436243,-0.49352860267821486,-1.0587319062873184,-0.19527168382016377,"+"
-0.7441272294887274,1.153291902192212,-0.2654720605367865,-0.49352860267821486,-0.48338031888302985,-0.19527168382016377,"+"
-0.3820223800119817,-0.654603811685843,-0.5523377912049225,-0.49352860267821486,0.43718222096383175,0.009138878142080097,"+"
-0.549276352056668,1.5550465052762241,0.23206069109076188,-0.49352860267821486,-0.9436615888064606,-0.19527168382016377,"+"
-0.4589592071525375,0.7846820538626306,-0.2415665829811085,-0.49352860267821486,-0.13816936644045674,-0.1664814638254815,"+"
-1.099541920083686,0.9021952752647043,-0.3028243692175334,0.32901906845214324,-0.7135209538447452,-0.09162689183930772,"+"
-0.9531946945445854,0.6852477895993377,-0.07871051713305215,2.3853882462780382,-0.7135209538447452,-0.16494598542576513,"+"
1.3465474210698518,-0.8976653465516704,3.817882324442462,3.6192097529735756,-1.0587319062873184,2.6837503156480595,"+"
-0.8628775496404549,-0.48687126489826793,-0.5149854825241756,0.32901906845214324,-0.5984506363638875,-0.19527168382016377,"+"
-0.9113812015334137,-0.35328785937283386,-0.6150896697885773,0.12338215066955371,-0.48338031888302985,-0.19412007502037648,"+"
2.133477359540101,2.961187616070267,0.9791068647056994,0.9459298217999118,-1.0587319062873184,0.3805327160734809,"+"
-0.7650339759943132,0.18205014923661242,0.10805102627068223,0.9459298217999118,-0.3165283585357862,0.42985995966436985,"+"
1.4368645659739823,0.7515372991081998,3.0708361508275246,1.357203657365091,-0.01734553308555617,0.12238041012116355,"+"
0.7051284382784795,0.34978269602418754,0.3814699258137494,-0.28789168489562533,-1.0587319062873184,-0.09930428383788965,"+"
0.7536320901714384,0.048466743711178345,0.8296976299827119,0.9459298217999118,-1.0587319062873184,0.39300847807117656,"+"
-0.24236531335466843,-0.7470073703951658,0.08265145636777436,0.5346559862347328,0.6673228559255471,0.0791950801291402,"+"
0.12642969500386467,-0.026862244367073945,-0.17881470439745376,-0.08225476711303581,-1.0587319062873184,-0.19527168382016377,"+"
-0.8561873907586676,1.153291902192212,0.23206069109076188,-0.49352860267821486,-1.0587319062873184,-0.19527168382016377,"+"
0.8723824103231659,-0.914739917182741,0.8670499386634588,-0.49352860267821486,1.2426744433298356,-0.19527168382016377,"+"
0.8514756638175801,-0.7630775545185263,0.08265145636777436,-0.49352860267821486,1.875561189474553,-0.08011080384143482,"+"
-0.7441272294887274,-0.6375292410547725,0.25746026099366975,0.7402929040173223,-0.5984506363638875,-0.19527168382016377,"+"
0.2451800151555921,-0.1443754657691475,1.8755622730436243,0.9459298217999118,0.06320368915104421,-0.19527168382016377,"+"
-0.2774886474840527,0.0565018357728586,-0.21616701307820063,1.1515667395825013,-0.2302256204251429,-0.1939281402204119,"+"
0.13395612374587584,-0.32014310461840284,0.28136573854934777,0.12338215066955371,1.127604125848978,-0.19527168382016377,"+"
1.3883609140810234,0.5757696602589444,3.9672915591654494,1.9741144107128594,-1.0587319062873184,-0.043643191848170663,"+"
-0.3335187281190228,-0.5461300688531597,-0.06675777835521314,0.12338215066955371,1.070068967108549,-0.08778819584001675,"+"
-0.7516536582307386,1.060888343482889,-0.6524419784693242,1.357203657365091,-0.7135209538447452,-0.11926550303420266,"+"
-0.6262131791972239,-0.8554811132278491,-0.2908716304396944,-0.28789168489562533,-1.0587319062873184,-0.06513988944420006,"+"
0.8163523296881958,-0.7550424624568461,0.007946839006280612,-0.49352860267821486,-1.0587319062873184,-0.13769124383079928,"+"
-0.5634929396804665,-0.4035071847583354,0.007946839006280612,0.7402929040173223,"?",-0.08011080384143482,"+"
-0.9046910426516265,1.1030725768067104,-0.4522336039405209,-0.08225476711303581,-0.776809628459217,-0.19527168382016377,"+"
0.39821739957647995,-0.5290554982220892,-0.6389951473442553,-0.28789168489562533,-0.771056112585174,0.03255492373775498,"+"
0.32211684229614795,1.4546078545052212,3.519063854996487,1.1515667395825013,-1.0587319062873184,1.069578647946209,"+"
3.3460686568640763,-0.9559197639988523,-0.6643947172471631,-0.49352860267821486,"?",-0.19527168382016377,"+"
-0.24236531335466843,0.919269845895775,1.0284119121642852,0.7402929040173223,1.1333576417230207,-0.16302663742611967,"+"
0.3012100957905622,-0.4537265101438369,0.6802883952597244,0.9459298217999118,-0.1957045251808856,0.04848551213481248,"+"
0.6633149452673079,-0.10219123244532624,1.2779253341516743,2.7966620818432175,-0.38557054902430077,0.03696942413693959,"+"
0.6490983576435094,0.2242343825604337,2.323789977212587,2.3853882462780382,1.2369209274557926,-0.19527168382016377,"+"
-0.6053064326916381,0.37489235871693827,0.9791068647056994,-0.49352860267821486,-0.48338031888302985,-0.19527168382016377,"+"
2.38435831760713,1.9568011083602364,4.714337732780387,2.591025164060628,-1.0587319062873184,-0.003336883855615537,"+"
-0.709840165219567,1.3541692037342181,0.3814699258137494,1.357203657365091,-0.7365350173409168,-0.05285606224646898,"+"
-0.40961928539935477,-0.41154227682001565,0.9044022473442056,-0.28789168489562533,0.15525994313573038,-0.19527168382016377,"+"
1.3883609140810234,-0.2528492086018308,0.3814699258137494,-0.49352860267821486,0.26457674474254517,-0.19527168382016377,"+"
0.8029720119246212,-0.1443754657691475,1.427334568874662,1.1515667395825013,0.7823931734064048,-0.19527168382016377,"+"
2.036470055754183,1.3541692037342181,0.8296976299827119,0.5346559862347328,-1.0587319062873184,1.5035432306660526,"+"
1.8692160837094967,0.9775242633429566,1.92486732050221,0.5346559862347328,-1.0587319062873184,-0.19527168382016377,"+"
-1.0577284270725142,0.9021952752647043,-0.36557624780118814,0.32901906845214324,-0.5984506363638875,-0.09930428383788965,"+"
1.5480884573836986,1.5630815973379042,0.019899577784119625,0.12338215066955371,-0.1611834299366283,-0.19527168382016377,"+"
2.8309264229664426,1.253730552963215,5.311974671672337,0.9459298217999118,-0.9321545570583748,-0.19527168382016377,"+"
-1.1697885883424544,0.8519759498792028,-0.25351932175894754,-0.49352860267821486,-1.0587319062873184,-0.19527168382016377,"+"
-1.0652548558145256,0.960449692711886,-0.6389951473442553,-0.49352860267821486,-0.48338031888302985,-0.19527168382016377,"+"
0.5169677197282074,0.1489053944821814,-0.6270424085664162,-0.49352860267821486,0.2530697129944594,-0.19527168382016377,"+"
-0.6956235775957685,-0.15241055783082777,-0.5896900998856694,-0.49352860267821486,-0.13816936644045674,-0.19527168382016377,"+"
-1.1279750953312828,0.1489053944821814,-0.5149854825241756,-0.49352860267821486,-0.5984506363638875,-0.19527168382016377,"+"
-0.758343817112526,0.7435022070465197,0.07069871758993536,-0.49352860267821486,-0.1151553029442852,-0.19527168382016377,"+"
-0.9950081875557569,-0.8805907759206,-0.06675777835521314,-0.08225476711303581,-0.5984506363638875,-0.19527168382016377,"+"
-0.7934671512419103,1.253730552963215,-0.46568043506558976,-0.49352860267821486,-0.48338031888302985,-0.19527168382016377,"+"
-0.5350597644328695,-0.2528492086018308,-0.4776331738434288,0.9459298217999118,-1.0587319062873184,1.1595960691295821,"+"
1.325640674564266,-0.35328785937283386,3.48171154631574,-0.08225476711303581,1.927342832340939,0.1317852153194264,"+"
0.16155302913324893,-0.6043844863003415,0.6802883952597244,0.32901906845214324,0.39690760984553153,-0.030783560250545933,"+"
-0.3259922993770116,1.8061431322037318,1.053811482067193,-0.49352860267821486,1.7432303243715666,-0.09930428383788965,"+"
2.245537520810041,3.2625035683832757,2.323789977212587,2.179751328495449,-1.0587319062873184,1.0906914759423094,"+"
-0.9113812015334137,-0.587309915669271,-0.04135820845230528,0.5346559862347328,0.20704158600211633,0.28514112049110046,"+"
-0.45143277841052637,-0.9057004386133507,-0.6643947172471631,-0.49352860267821486,-1.0587319062873184,-0.19527168382016377,"+"
-0.8561873907586676,0.5506599975661937,-0.2415665829811085,-0.28789168489562533,-0.5984506363638875,1.6856893558324089,"+"
0.9417928087217106,-0.026862244367073945,0.7041938728154024,-0.49352860267821486,-1.0587319062873184,-0.19527168382016377,"+"
0.5520910538575917,1.0779629141139597,0.08265145636777436,0.7402929040173223,1.9330963482149817,-0.1576524630271123,"+"
-0.9255977891572122,1.052853251421209,0.08265145636777436,-0.49352860267821486,-0.828591271325603,-0.19527168382016377,"+"
1.3950510729628107,4.083087345182371,-0.14146239571670688,0.12338215066955371,-0.3683100014021721,-0.19258459662066008,"+"
-0.2707984886022654,0.048466743711178345,2.6226084466585617,-0.49352860267821486,-0.6559857951043164,-0.19527168382016377,"+"
-1.0719450146963128,0.5506599975661937,0.1454033349514291,0.5346559862347328,"?",4.934377780032352,"+"
-1.0928517612018986,-0.55416516091484,-0.21616701307820063,-0.08225476711303581,-0.3683100014021721,-0.13769124383079928,"+"
0.13395612374587584,-0.3452527673111536,-0.05480503957737413,-0.28789168489562533,-0.023099048959599057,3.264736955140747,"+"
1.1232633683901954,0.7515372991081998,3.519063854996487,-0.28789168489562533,-0.5524225093715445,0.18859791610893267,"+"
-0.9950081875557569,-0.913735530675031,-0.5777373611078304,1.76847749293027,-0.5984506363638875,-0.1762701386236735,"+"
-0.5910898450678396,1.6052658306617258,0.7549930126212181,-0.08225476711303581,-0.6387252474821877,-0.11005263263590435,"+"
-0.814373897747496,1.253730552963215,-0.5777373611078304,0.7402929040173223,-0.36255648552812925,-0.19527168382016377,"+"
0.7260351847840654,3.362942219154279,5.311974671672337,1.76847749293027,-1.0587319062873184,0.035050076137294106,"+"
0.823878758430207,0.048466743711178345,0.8296976299827119,0.7402929040173223,1.6454205545128375,-0.19527168382016377,"+"
-1.1488818418368687,1.253730552963215,-0.36557624780118814,1.76847749293027,-1.0587319062873184,0.3805327160734809,"+"
-0.7023137364775559,1.2788402156559657,-0.5269382213020146,-0.28789168489562533,-0.48338031888302985,-0.19527168382016377,"+"
"?",-0.8303714505350984,-0.5896900998856694,-0.49352860267821486,1.127604125848978,0.1905172641085782,"-"
-1.1204486665892717,1.1030725768067104,-0.34017667789828027,-0.49352860267821486,0.7823931734064048,-0.19277653142062462,"-"
-0.9674112821683839,1.2627700315326054,-0.06675777835521314,-0.49352860267821486,-0.276253747417486,-0.19527168382016377,"-"
-0.9674112821683839,-0.9559197639988523,-0.5149854825241756,-0.49352860267821486,-0.2302256204251429,-0.19527168382016377,"-"
-0.9046910426516265,0.960449692711886,-0.6524419784693242,-0.49352860267821486,0.09197126852125864,-0.003336883855615537,"-"
-0.5910898450678396,-0.6043844863003415,-0.6150896697885773,-0.49352860267821486,-0.2992678109136575,-0.19527168382016377,"-"
0.09883278961649156,-0.48687126489826793,1.053811482067193,-0.49352860267821486,0.621294728933204,-0.19527168382016377,"-"
1.7228688581703961,-0.9559197639988523,-0.6643947172471631,-0.49352860267821486,-1.0587319062873184,-0.19527168382016377,"-"
1.3883609140810234,-0.687748566440274,-0.5642905299827615,-0.49352860267821486,-1.0587319062873184,-0.17223950782441796,"-"
-0.9322879480389996,1.153291902192212,-0.6643947172471631,-0.49352860267821486,-0.17269046168471405,-0.18912977022129823,"-"
1.6041185380186687,-0.8384065425967786,-0.6643947172471631,-0.49352860267821486,-0.22447210455110003,-0.19527168382016377,"-"
-1.2116020813536261,-0.9388451933677817,-0.6524419784693242,-0.49352860267821486,-0.25323968392131446,-0.056694758245759945,"-"
-1.1070683488256972,-0.7128582291330249,-0.6643947172471631,-0.49352860267821486,-0.48338031888302985,-0.19527168382016377,"-"
0.03611255009973418,0.24934404525318446,-0.2908716304396944,-0.49352860267821486,0.5062244114523463,-0.19527168382016377,"-"
2.35007125333797,-0.6465687196241628,-0.6270424085664162,-0.49352860267821486,0.43718222096383175,-0.19527168382016377,"+"
-1.1346652542130702,-0.9227750092444212,-0.6016428386635084,-0.49352860267821486,0.09197126852125864,-0.18759429182158183,"+"
0.5027511321044089,-0.9559197639988523,-0.6643947172471631,-0.49352860267821486,"?",-0.19527168382016377,"+"
0.06370945548710728,-0.4537265101438369,-0.2908716304396944,-0.49352860267821486,0.5522525384446895,-0.19527168382016377,"-"
-1.1279750953312828,0.40000202140968905,-0.6524419784693242,-0.49352860267821486,-0.25323968392131446,-0.19527168382016377,"-"
0.558781212739379,1.0779629141139597,-0.6270424085664162,-0.49352860267821486,-0.13816936644045674,-0.19527168382016377,"-"
-0.0751113413099821,-0.4537265101438369,0.007946839006280612,-0.49352860267821486,0.8974634908872625,-0.19527168382016377,"-"
-1.0861616023201113,0.1910896278060027,-0.5030327437463367,-0.49352860267821486,-0.3683100014021721,-0.19527168382016377,"-"
-1.0368216805669286,0.1318308238511109,-0.5777373611078304,-0.49352860267821486,-0.5984506363638875,-0.10237524063732242,"-"
-1.1204486665892717,1.052853251421209,-0.6150896697885773,-0.49352860267821486,0.8974634908872625,-0.19527168382016377,"-"
-0.5843996861860523,1.7559238068182303,-0.6643947172471631,-0.49352860267821486,"?",-0.19527168382016377,"-"
-1.2810124797521707,-0.7881872172112772,-0.6389951473442553,-0.49352860267821486,0.09197126852125864,-0.19527168382016377,"-"
-0.8695677085222422,-0.7801521251495969,-0.5896900998856694,-0.49352860267821486,0.5522525384446895,-0.15611698462739593,"-"
-0.6395934969607985,-0.8384065425967786,-0.6270424085664162,-0.49352860267821486,0.322111903482974,-0.1950797490201992,"-"
-1.1622621596004432,-0.060006999121504964,-0.5896900998856694,-0.49352860267821486,-0.5984506363638875,-0.19527168382016377,"-"
-1.260105733246585,-0.7048231370713446,-0.5896900998856694,-0.28789168489562533,-0.43735219189068675,-0.17646207342363804,"-"
-0.6956235775957685,1.580156167968975,-0.6270424085664162,-0.08225476711303581,-1.0587319062873184,0.870350325583008,"-"
-1.1697885883424544,1.052853251421209,-0.6150896697885773,-0.28789168489562533,-0.3683100014021721,-0.1950797490201992,"-"
"?",-0.654603811685843,-0.6643947172471631,-0.08225476711303581,0.09197126852125864,-0.1751185298238862,"-"
-0.17295491495612375,-0.8394109291044887,-0.5777373611078304,-0.28789168489562533,0.8974634908872625,0.34272156048046487,"-"
-1.0652548558145256,-0.8725556838589197,-0.6150896697885773,-0.28789168489562533,0.09197126852125864,-0.1950797490201992,"-"
-0.8210640566292833,-0.6043844863003415,-0.6643947172471631,-0.49352860267821486,-0.13816936644045674,-0.19527168382016377,"-"
-0.7165303241013543,-0.8052617878423476,-0.5149854825241756,-0.49352860267821486,0.7823931734064048,-0.19527168382016377,"-"
-1.1137585077074843,1.052853251421209,-0.36557624780118814,-0.28789168489562533,-0.3683100014021721,-0.1950797490201992,"-"
-0.5141530179272837,-0.847446021166169,-0.6150896697885773,-0.28789168489562533,0.5062244114523463,-0.11005263263590435,"-"
0.3497137476835211,-0.47080108077490745,-0.6270424085664162,-0.08225476711303581,0.20704158600211633,-0.1950797490201992,"-"
-1.2952290673759692,-0.8886258679822802,-0.6643947172471631,-0.28789168489562533,-0.13816936644045674,-0.17108789902463067,"-"
0.029422391217946868,-0.32817819668008313,0.2440134298686009,-0.08225476711303581,0.09197126852125864,-0.19450394462030557,"-"
3.1445276205502295,0.8519759498792028,0.5308791605367369,-0.28789168489562533,-0.6559857951043164,-0.19412007502037648,"-"
0.11304937724029004,-0.4537265101438369,-0.14146239571670688,-0.08225476711303581,3.0837995230235586,-0.19527168382016377,"-"
-1.2743223208703833,-0.4035071847583354,-0.46568043506558976,-0.28789168489562533,-0.5984506363638875,-0.19124105302090824,"-"
-0.785940722499899,1.479717517197972,0.3321648783551635,-0.08225476711303581,-0.023099048959599057,-0.16206696342629692,"-"
2.175290852551272,-0.55416516091484,1.2779253341516743,-0.28789168489562533,-1.0587319062873184,-0.19335233582051828,"-"
-1.1137585077074843,-0.9227750092444212,-0.5896900998856694,-0.49352860267821486,0.5522525384446895,-0.19527168382016377,"-"
-0.68140698997197,-0.7550424624568461,-0.5149854825241756,-0.49352860267821486,0.5522525384446895,-0.19527168382016377,"-"
-1.308609385139544,-0.37839752206558463,-0.6389951473442553,-0.49352860267821486,-0.3683100014021721,-0.19527168382016377,"-"
-0.5701830985622538,1.7890685615726611,-0.21616701307820063,-0.49352860267821486,0.5522525384446895,-0.1950797490201992,"-"
1.4368645659739823,4.334183972109878,-0.6643947172471631,-0.49352860267821486,-1.0587319062873184,-0.19527168382016377,"-"
-0.6747168310901828,-0.4035071847583354,0.6802883952597244,-0.49352860267821486,-0.13816936644045674,-0.19047331382105007,"-"
-1.0861616023201113,1.1111076688683905,-0.5403850524270836,-0.49352860267821486,-0.5984506363638875,-0.19527168382016377,"-"
-0.31930214049522426,-0.6967880450096643,-0.5896900998856694,-0.49352860267821486,-0.25323968392131446,-0.19527168382016377,"-"
0.015205803594148387,-0.35328785937283386,-0.6643947172471631,-0.49352860267821486,-0.13816936644045674,-0.19143298782087279,"-"
-0.5634929396804665,-0.05197190705982471,-0.36557624780118814,-0.49352860267821486,1.0125338083681201,-0.19412007502037648,"-"
-1.051038268190727,-0.6043844863003415,0.033346408909188476,-0.49352860267821486,-0.4143381283945152,-0.19412007502037648,"-"
-1.2743223208703833,-0.913735530675031,-0.6270424085664162,-0.49352860267821486,0.09197126852125864,-0.1950797490201992,"-"
-1.0861616023201113,1.052853251421209,-0.5403850524270836,-0.49352860267821486,-0.5984506363638875,-0.18721042222165274,"-"
-1.2810124797521707,-0.9559197639988523,-0.5896900998856694,-0.49352860267821486,-0.7135209538447452,-0.19527168382016377,"-"
-0.7165303241013543,-0.8052617878423476,-0.5149854825241756,-0.49352860267821486,0.7823931734064048,-0.19527168382016377,"-"
-0.8695677085222422,-0.9057004386133507,-0.5896900998856694,-0.49352860267821486,0.5522525384446895,-0.15611698462739593,"-"
-1.1764787472242417,3.463380869925282,-0.6643947172471631,-0.49352860267821486,1.53035023703198,18.99820831263466,"+"
-1.0368216805669286,-0.9559197639988523,-0.6643947172471631,-0.49352860267821486,1.818026030734124,-0.1950797490201992,"+"
0.43334073370586423,-0.9308101013061014,-0.21616701307820063,-0.49352860267821486,0.2760837764906309,-0.1735830514241698,"+"
-0.8628775496404549,-0.654603811685843,-0.21616701307820063,-0.49352860267821486,-0.1957045251808856,-0.19373620542044737,"+"
-1.1279750953312828,-0.8805907759206,2.323789977212587,-0.49352860267821486,0.6673228559255471,-0.19527168382016377,"+"
0.17576961675704741,-0.8805907759206,-0.5523377912049225,-0.49352860267821486,0.6673228559255471,-0.18682655262172362,"+"
1.4226479783501838,-0.914739917182741,-0.5896900998856694,1.76847749293027,1.127604125848978,0.329094189682982,"+"
0.17576961675704741,-0.7048231370713446,-0.31627120034260225,-0.49352860267821486,-0.3683100014021721,-0.19527168382016377,"-"
-0.17295491495612375,-0.7379678918257756,-0.36557624780118814,-0.49352860267821486,0.5522525384446895,-0.19277653142062462,"-"
-0.11692483432115368,-0.7379678918257756,-0.6524419784693242,-0.49352860267821486,-0.0806342077000279,-0.16091535462650963,"-"
0.7745388366770242,-0.2528492086018308,-0.5149854825241756,-0.49352860267821486,5.615346507602428,-0.19527168382016377,"-"
0.2727769205429652,-0.4537265101438369,0.23206069109076188,-0.49352860267821486,0.09197126852125864,-0.19527168382016377,"-"
"?",-0.15241055783082777,-0.6389951473442553,-0.49352860267821486,1.3059631179443074,-0.19527168382016377,"-"
-0.9322879480389996,-0.9559197639988523,-0.6643947172471631,-0.49352860267821486,"?",-0.19527168382016377,"-"
0.14064628262766316,-0.4537265101438369,0.08265145636777436,-0.49352860267821486,-1.0587319062873184,-0.19488781422023466,"-"
0.21005668102620784,-0.4537265101438369,-0.36557624780118814,-0.49352860267821486,1.5878853957724086,-0.192200727020731,"-"
-0.5283696055510823,1.5550465052762241,-0.36557624780118814,-0.49352860267821486,-0.023099048959599057,0.008563073742186452,"-"
0.2660867616611779,-0.4537265101438369,-0.5149854825241756,-0.49352860267821486,0.9434916178796056,-0.19527168382016377,"-"
-0.3259922993770116,-0.8052617878423476,-0.6150896697885773,-0.49352860267821486,0.20704158600211633,-0.14709604902906215,"-"
1.3181142458222548,0.34978269602418754,-0.36557624780118814,-0.49352860267821486,-1.0587319062873184,-0.15151054942824677,"-"
0.2727769205429652,-0.7048231370713446,-0.5149854825241756,-0.49352860267821486,-0.13816936644045674,-0.19527168382016377,"-"
0.14064628262766316,-0.35328785937283386,-0.06675777835521314,-0.49352860267821486,-0.023099048959599057,-0.19527168382016377,"-"
-0.2983953939896385,-0.35328785937283386,-0.4402808651626819,-0.49352860267821486,0.6673228559255471,-0.18241205222253903,"-"
0.6281916111379237,-0.15241055783082777,0.23206069109076188,-0.49352860267821486,1.7029557132532664,-0.19527168382016377,"-"
0.9351026498399233,-0.13533598719975726,-0.6524419784693242,-0.49352860267821486,-0.43735219189068675,-0.17607820382370892,"-"
-0.388712538893769,-0.5039458355293385,-0.5149854825241756,-0.49352860267821486,2.6235182531001278,0.5724675160380291,"-"
0.18245977563883473,-0.4035071847583354,-0.6643947172471631,-0.49352860267821486,-0.023099048959599057,-0.19527168382016377,"-"
0.614811293374349,-0.6043844863003415,-0.5149854825241756,-0.49352860267821486,0.6673228559255471,-0.19488781422023466,"-"
2.607642370286787,0.4502213467951906,-0.6643947172471631,-0.49352860267821486,-1.0587319062873184,-0.1929684662205892,"-"
0.05701929660531997,-0.654603811685843,-0.5896900998856694,-0.49352860267821486,1.081575998856635,-0.17185563822448888,"-"
-0.40292912651756746,-0.05197190705982471,0.08265145636777436,-0.49352860267821486,0.09197126852125864,0.03696942413693959,"-"
2.6561460221797457,-0.847446021166169,-0.48958591262126777,0.12338215066955371,-0.023099048959599057,-0.19527168382016377,"-"
-0.312611981613437,-0.654603811685843,0.007946839006280612,-0.28789168489562533,-0.48338031888302985,-0.1946958794202701,"-"
-0.45143277841052637,-0.55416516091484,-0.6643947172471631,-0.49352860267821486,0.5292384749485178,-0.1950797490201992,"-"
-0.785940722499899,-0.8384065425967786,-0.6643947172471631,-0.49352860267821486,-0.48338031888302985,-0.19527168382016377,"-"
-0.758343817112526,1.3541692037342181,-0.21616701307820063,-0.49352860267821486,-1.0587319062873184,0.5724675160380291,"-"
-0.06842118242819478,-0.6375292410547725,-0.48958591262126777,-0.49352860267821486,-1.0587319062873184,-0.19527168382016377,"-"
0.4266505748240769,-0.55416516091484,-0.5896900998856694,-0.49352860267821486,0.21279510187615922,-0.19527168382016377,"-"
-1.3019192262577566,-0.9227750092444212,-0.36557624780118814,-0.08225476711303581,0.7823931734064048,-0.1950797490201992,"-"
0.8029720119246212,-0.687748566440274,-0.6150896697885773,-0.49352860267821486,-0.09214123944811367,-0.19527168382016377,"-"
-1.0092247751795553,-0.9227750092444212,-0.6524419784693242,-0.49352860267821486,1.127604125848978,-0.19527168382016377,"-"
0.07123588422911846,-0.35328785937283386,-0.6150896697885773,-0.49352860267821486,-0.3683100014021721,-0.19527168382016377,"-"
0.43334073370586423,-0.009787673736003434,-0.6643947172471631,-0.49352860267821486,-0.13816936644045674,-0.19527168382016377,"-"
-0.11023467543936637,0.1489053944821814,0.9791068647056994,-0.49352860267821486,-0.48338031888302985,-0.19527168382016377,"-"
-0.709840165219567,-0.4537265101438369,-0.6389951473442553,-0.49352860267821486,-0.48338031888302985,0.6123899544306551,"-"
-0.39623896763578015,-0.847446021166169,-0.6643947172471631,-0.49352860267821486,-0.48338031888302985,-0.19527168382016377,"-"
-1.2249823991172006,-0.8886258679822802,-0.5777373611078304,-0.49352860267821486,0.09197126852125864,-0.19527168382016377,"-"
-0.5977800039496269,-0.55416516091484,-0.6150896697885773,-0.08225476711303581,0.7823931734064048,0.05424355613374893,"-"
0.9417928087217106,-0.7048231370713446,3.48171154631574,-0.28789168489562533,0.9665056813757771,-0.17377498622413437,"-"
-0.7374370706069401,0.2824888000076155,-0.6150896697885773,-0.49352860267821486,0.20704158600211633,-0.003336883855615537,"-"
0.6566247863855207,-0.6124195783620218,-0.6150896697885773,-0.49352860267821486,1.2426744433298356,-0.19527168382016377,"-"
-0.6680266722083954,1.3541692037342181,0.23206069109076188,-0.49352860267821486,-0.9436615888064606,-0.192200727020731,"-"
-0.8486609620166564,-0.8052617878423476,-0.4402808651626819,-0.49352860267821486,-0.2992678109136575,-0.19488781422023466,"-"
0.11973953612207736,-0.4537265101438369,1.427334568874662,-0.49352860267821486,0.5522525384446895,-0.19527168382016377,"-"
-0.43805246064695175,1.6554851560472272,-0.6643947172471631,-0.49352860267821486,-0.25323968392131446,0.017775944140484768,"-"
1.1232633683901954,-0.0348973364287542,-0.36557624780118814,-0.49352860267821486,0.322111903482974,-0.19527168382016377,"-"
-0.44474261952873906,-0.6465687196241628,-0.6270424085664162,-0.49352860267821486,-0.48338031888302985,-0.19527168382016377,"-"
-0.28417880636584003,-0.8384065425967786,-0.6524419784693242,-0.49352860267821486,0.43718222096383175,-0.002569144655757344,"-"
-0.8980008837698392,-0.8554811132278491,-0.36557624780118814,-0.49352860267821486,0.43718222096383175,-0.19527168382016377,"-"
-0.24236531335466843,1.9568011083602364,-0.6270424085664162,-0.49352860267821486,-1.0587319062873184,-0.14037833103030298,"-"
-0.9113812015334137,-0.7881872172112772,-0.06675777835521314,-0.49352860267821486,0.322111903482974,-0.19527168382016377,"-"
0.23848985627380478,-0.687748566440274,-0.6270424085664162,-0.49352860267821486,1.472815078291551,0.6684349160203032,"-"
0.16824318801503624,-0.9057004386133507,0.5308791605367369,-0.49352860267821486,1.3577447608106932,-0.19527168382016377,"-"
0.9702259839693075,0.048466743711178345,0.007946839006280612,-0.49352860267821486,-0.24748616804727155,-0.19527168382016377,"-"
-0.7441272294887274,0.4502213467951906,-0.6150896697885773,-0.49352860267821486,-0.13816936644045674,-0.19527168382016377,"-"
-0.6053064326916381,-0.4537265101438369,0.6802883952597244,-0.49352860267821486,0.09197126852125864,-0.10774941503632977,"-"
2.112570613034515,-0.10219123244532624,0.8296976299827119,-0.49352860267821486,-1.0587319062873184,-0.19450394462030557,"-"
-0.7934671512419103,1.346134111672538,-0.1907674431752928,-0.49352860267821486,-0.48338031888302985,0.03735329373686869,"-"
0.20336652214442053,0.1489053944821814,-0.21616701307820063,-0.49352860267821486,-0.7135209538447452,-0.19527168382016377,"-"
-0.7516536582307386,-0.654603811685843,-0.5030327437463367,-0.49352860267821486,-0.3683100014021721,-0.18241205222253903,"-"
-0.8695677085222422,-0.9559197639988523,-0.5149854825241756,-0.49352860267821486,-1.0587319062873184,-0.19527168382016377,"-"
-0.40961928539935477,1.9738756789913072,-0.6643947172471631,-0.49352860267821486,-0.034606080707684825,-0.19527168382016377,"-"
-0.7232204829831417,-0.9217706227367112,-0.6389951473442553,-0.49352860267821486,-1.0587319062873184,-0.19527168382016377,"-"
-1.3713296246563016,0.4502213467951906,-0.36557624780118814,-0.49352860267821486,2.3933776181384125,-0.19527168382016377,"-"
0.6984382793966922,0.048466743711178345,-0.6016428386635084,-0.49352860267821486,2.1057018244362684,-0.19527168382016377,"-"
-0.3468990458825974,1.5550465052762241,-0.5896900998856694,-0.49352860267821486,3.0837995230235586,-0.19527168382016377,"-"
-0.5701830985622538,-0.847446021166169,-0.36557624780118814,-0.49352860267821486,-0.3683100014021721,-0.1950797490201992,"-"
0.8029720119246212,-0.7048231370713446,-0.5896900998856694,-0.49352860267821486,-1.0587319062873184,-0.15784439782707685,"-"
0.12642969500386467,-0.6294941489930923,-0.5030327437463367,-0.49352860267821486,-1.0587319062873184,-0.19527168382016377,"-"
-0.14535800956875064,-0.5461300688531597,-0.6524419784693242,-0.49352860267821486,-0.3222818744098291,-0.1950797490201992,"-"
-0.6680266722083954,-0.8384065425967786,-0.6270424085664162,-0.49352860267821486,-0.3683100014021721,-0.17857335622324808,"-"
-0.45143277841052637,1.5550465052762241,-0.2908716304396944,-0.49352860267821486,-1.0587319062873184,-0.19200879222076644,"-"
-0.04751443592260899,-0.5370905902837695,-0.6389951473442553,-0.49352860267821486,0.6673228559255471,-0.19527168382016377,"-"
-0.9046910426516265,0.06554131434224886,-0.5777373611078304,-0.49352860267821486,-0.25323968392131446,-0.15995568062668689,"-"
-0.22145856684908263,-0.8805907759206,-0.5777373611078304,-0.49352860267821486,0.20704158600211633,-0.168400811825127,"-"
1.7019621116648103,0.34978269602418754,0.25746026099366975,-0.49352860267821486,-0.6387252474821877,-0.19527168382016377,"-"
-0.7441272294887274,-0.8886258679822802,-0.4402808651626819,-0.49352860267821486,-0.13816936644045674,-0.19527168382016377,"-"
0.20336652214442053,0.06554131434224886,-0.34017667789828027,-0.49352860267821486,1.7029557132532664,-0.19527168382016377,"-"
3.1721245259376025,0.24934404525318446,-0.6643947172471631,-0.49352860267821486,-1.0587319062873184,-0.19527168382016377,"-"
0.7327253436658526,0.6762083110299475,-0.6150896697885773,-0.08225476711303581,"?",-0.1918168574208019,"-"
-1.0025346162977682,-0.8223363584734181,-0.36557624780118814,-0.28789168489562533,10.448299841798452,-0.19488781422023466,"-"
-1.3019192262577566,-0.32817819668008313,-0.6389951473442553,-0.28789168489562533,-1.0587319062873184,-0.19412007502037648,"-"
-1.2116020813536261,-0.9057004386133507,-0.5642905299827615,0.32901906845214324,-0.13816936644045674,-0.19373620542044737,"-"
-0.026607689417023198,-0.3864326141272649,-0.6643947172471631,0.5346559862347328,-0.04611311245577059,-0.16724920302533972,"-"
-0.5350597644328695,-0.35328785937283386,-0.2908716304396944,-0.28789168489562533,-1.0587319062873184,-0.1910491182209437,"-"
-0.7441272294887274,-0.7972266957806674,-0.6389951473442553,-0.49352860267821486,-0.2302256204251429,-0.19527168382016377,"-"
0.7536320901714384,-0.654603811685843,-0.6643947172471631,-0.49352860267821486,0.6673228559255471,-0.19527168382016377,"-"
-0.7792505636181117,-0.8635162052895294,-0.6270424085664162,-0.49352860267821486,0.5522525384446895,-0.18471526982211361,"-"
-0.7792505636181117,-0.7048231370713446,0.30676530845225564,-0.49352860267821486,0.5522525384446895,-0.19527168382016377,"-"
-0.758343817112526,-0.9308101013061014,-0.6270424085664162,-0.49352860267821486,0.09197126852125864,-0.18183624782264537,"-"
-0.6680266722083954,-0.5963493942386613,-0.5030327437463367,-0.49352860267821486,-0.276253747417486,-0.1950797490201992,"-"
0.5729978003631775,-0.814301266411738,-0.5523377912049225,-0.08225476711303581,0.23580916537233076,-0.09930428383788965,"-"
-0.4171457141413659,-0.4456914180821567,-0.6643947172471631,-0.49352860267821486,-0.023099048959599057,-0.18375559582229087,"-"
0.28699350816676367,-0.4537265101438369,-0.36557624780118814,-0.49352860267821486,0.14950642726168747,-0.19527168382016377,"-"
-0.9322879480389996,-0.7379678918257756,-0.21616701307820063,-0.49352860267821486,-0.43735219189068675,-0.1939281402204119,"-"
-0.17964507383791106,-0.7048231370713446,-0.14146239571670688,-0.49352860267821486,0.09197126852125864,-0.19527168382016377,"-"
-0.45143277841052637,-0.7881872172112772,-0.31627120034260225,-0.49352860267821486,-0.48338031888302985,-0.19527168382016377,"-"
0.17576961675704741,-0.521020406160409,-0.21616701307820063,-0.49352860267821486,-0.3683100014021721,-0.19527168382016377,"-"
-0.5843996861860523,-0.7048231370713446,-0.5896900998856694,-0.49352860267821486,-0.425845160142601,-0.19527168382016377,"-"
-0.3259922993770116,-0.5461300688531597,-0.5896900998856694,-0.49352860267821486,-0.023099048959599057,-0.18567494382193636,"-"
0.4960609732226216,-0.7881872172112772,-0.6524419784693242,-0.49352860267821486,-0.3683100014021721,-0.19431200982034103,"-"
1.4719879001033664,-0.49591074346765823,-0.5777373611078304,-0.49352860267821486,0.09197126852125864,-0.1946958794202701,"-"
0.16824318801503624,-0.8886258679822802,-0.6389951473442553,-0.49352860267821486,-0.023099048959599057,-0.19527168382016377,"-"
1.6944356829227991,-0.35328785937283386,-0.21616701307820063,-0.49352860267821486,-0.023099048959599057,-0.19450394462030557,"-"
-0.7232204829831417,-0.32014310461840284,-0.6150896697885773,-0.49352860267821486,-0.13816936644045674,0.00779533454232826,"-"
-0.814373897747496,-0.6465687196241628,-0.6389951473442553,-0.49352860267821486,0.9895197448719486,-0.19527168382016377,"-"
-0.5283696055510823,-0.7550424624568461,-0.5149854825241756,-0.49352860267821486,0.09197126852125864,-0.19527168382016377,"-"
2.2589178385736153,-0.41154227682001565,0.0572518864648665,-0.49352860267821486,0.7823931734064048,-0.19527168382016377,"-"
-1.051038268190727,-0.9559197639988523,-0.6643947172471631,0.32901906845214324,-0.7998236919553885,-0.1950797490201992,"-"
-1.0025346162977682,-0.8384065425967786,-0.6643947172471631,0.12338215066955371,0.9549986496276913,-0.04767382264742617,"-"
1.8198761619563137,-0.9227750092444212,-0.6643947172471631,-0.49352860267821486,-0.7020139220966595,-0.19008944422112095,"-"
-0.3678057923881832,-0.7048231370713446,-0.6643947172471631,-0.28789168489562533,-0.529408445875373,-0.13769124383079928,"-"
-0.47233952491611214,-0.7801521251495969,-0.5523377912049225,-0.08225476711303581,-0.05762014420385636,-0.1946958794202701,"-"
-0.709840165219567,-0.9559197639988523,-0.36557624780118814,1.76847749293027,-1.0587319062873184,-0.19527168382016377,"-"
0.6700051041490953,0.048466743711178345,-0.6643947172471631,-0.08225476711303581,-0.9609221364285893,-0.1950797490201992,"-"
-0.08263777005199327,-0.41154227682001565,-0.6270424085664162,-0.49352860267821486,-0.5984506363638875,-0.19527168382016377,"-"
-1.1973854937298276,-0.35328785937283386,-0.6524419784693242,-0.49352860267821486,-0.13816936644045674,-0.18759429182158183,"-"
-1.1622621596004432,-0.9559197639988523,-0.6643947172471631,-0.49352860267821486,-0.5639295411196302,-0.19527168382016377,"-"
"?",1.3039498783487167,-0.6643947172471631,-0.49352860267821486,"?",0.802789275995487,"-"
-1.260105733246585,-0.9308101013061014,-0.6150896697885773,-0.49352860267821486,-0.2992678109136575,-0.19527168382016377,"-"
-0.35442547462460855,-0.621459056931412,-0.6643947172471631,-0.49352860267821486,0.8974634908872625,-0.1950797490201992,"-"
-0.026607689417023198,-0.7299327997640953,-0.6643947172471631,-0.28789168489562533,-0.5063943823792014,-0.19162492262083733,"-"
-0.9674112821683839,0.4502213467951906,-0.5149854825241756,-0.49352860267821486,-1.0587319062873184,-0.19527168382016377,"-"
"?",-0.35328785937283386,1.427334568874662,-0.49352860267821486,-1.0587319062873184,-0.1950797490201992,"-"
0.6633149452673079,-0.6294941489930923,-0.21616701307820063,-0.49352860267821486,-1.0587319062873184,-0.13462028703136653,"-"
0.41243398720027846,-0.10219123244532624,0.3814699258137494,-0.49352860267821486,1.5533643005281514,-0.18567494382193636,"-"
-0.15204816845053795,-0.8223363584734181,-0.5896900998856694,-0.49352860267821486,0.6673228559255471,-0.19527168382016377,"-"
1.7437756046759818,-0.654603811685843,0.45617454317524314,-0.49352860267821486,-1.0587319062873184,-0.12809450383257187,"-"
0.3848370818129053,2.6849813264500084,-0.6389951473442553,-0.49352860267821486,0.7823931734064048,0.48648072565391154,"-"
0.25187017403737944,-0.9559197639988523,-0.6643947172471631,-0.49352860267821486,"?",-0.19527168382016377,"-"
-0.15873832733232526,-0.8052617878423476,-0.6524419784693242,-0.49352860267821486,0.322111903482974,-0.19527168382016377,"-"
0.3848370818129053,0.1489053944821814,0.8296976299827119,-0.49352860267821486,0.14950642726168747,-0.06341247624451914,"-"
-0.4932462714216979,-0.8976653465516704,-0.21616701307820063,-0.49352860267821486,-0.13816936644045674,-0.19527168382016377,"-"
-0.5910898450678396,-0.47080108077490745,-0.6643947172471631,-0.49352860267821486,-0.3683100014021721,-0.19527168382016377,"-"
-0.6262131791972239,-0.7801521251495969,-0.6389951473442553,0.32901906845214324,0.4026611257195744,0.17900117611070526,"-"
-0.8068474690054849,-0.8554811132278491,-0.6270424085664162,-0.49352860267821486,1.0125338083681201,-0.19527168382016377,"-"
0.4191241460820658,-0.8976653465516704,-0.6643947172471631,1.5628405751476804,0.09197126852125864,-0.1918168574208019,"-"
-0.7165303241013543,-0.587309915669271,-0.6643947172471631,-0.28789168489562533,0.09197126852125864,-0.1850991394220427,"-"
-0.3335187281190228,-0.35328785937283386,0.16930881250710714,-0.28789168489562533,0.5522525384446895,-0.19335233582051828,"-"
-0.04082427704082168,-0.33621328874176337,0.08265145636777436,-0.08225476711303581,-0.13816936644045674,-0.18740235702161728,"-"
-0.09601808781556788,-0.6797134743785939,-0.6524419784693242,0.12338215066955371,-1.0587319062873184,-0.18893783542133366,"-"
-0.7934671512419103,-0.48687126489826793,-0.4402808651626819,-0.49352860267821486,-0.023099048959599057,-0.19527168382016377,"-"
-1.2743223208703833,-0.13533598719975726,-0.5403850524270836,-0.49352860267821486,-0.3683100014021721,-0.19527168382016377,"-"
-0.8068474690054849,1.387313958488649,-0.6389951473442553,-0.49352860267821486,0.7823931734064048,-0.19431200982034103,"-"
-0.8770941372642533,-0.127300895138077,-0.6524419784693242,-0.49352860267821486,-0.25323968392131446,-0.17607820382370892,"-"
-1.183168906106029,0.34978269602418754,-0.6270424085664162,-0.49352860267821486,-0.7135209538447452,-0.17607820382370892,"-"
-1.0368216805669286,-0.15241055783082777,-0.36557624780118814,-0.49352860267821486,1.0125338083681201,-0.003336883855615537,"-"
-0.9113812015334137,-0.8725556838589197,-0.6270424085664162,-0.49352860267821486,-1.0587319062873184,-0.18682655262172362,"-"
-0.40292912651756746,-0.55416516091484,-0.4402808651626819,-0.49352860267821486,-0.5984506363638875,-0.19527168382016377,"-"
-0.6680266722083954,-0.7881872172112772,-0.6389951473442553,-0.49352860267821486,0.20704158600211633,-0.19431200982034103,"-"
0.6357180398799348,-0.4537265101438369,2.323789977212587,-0.49352860267821486,0.09197126852125864,-0.19527168382016377,"-"
-0.7374370706069401,1.3541692037342181,-0.5403850524270836,-0.49352860267821486,-1.0587319062873184,-0.19527168382016377,"-"
-0.42383587302315323,-0.41154227682001565,-0.6389951473442553,-0.49352860267821486,-0.5984506363638875,-0.19527168382016377,"-"
-1.2249823991172006,-0.8554811132278491,-0.6150896697885773,0.7402929040173223,0.322111903482974,-0.18855396582140457,"-"
-0.6747168310901828,-0.32014310461840284,-0.5403850524270836,-0.28789168489562533,0.5522525384446895,-0.1799168998229999,"-"
-1.1906953348480402,0.9524146006502059,-0.14146239571670688,1.5628405751476804,-1.0587319062873184,-0.19335233582051828,"-"
-0.653810084584597,-0.8725556838589197,-0.6524419784693242,-0.08225476711303581,-0.3222818744098291,-0.19412007502037648,"-"
0.2593966027793906,-0.7389722783334856,-0.31627120034260225,-0.49352860267821486,-0.8976334618141175,-0.19527168382016377,"-"
3.617856361436692,2.860748965299264,-0.6524419784693242,-0.08225476711303581,-1.0587319062873184,-0.12790256903260733,"-"
-0.28417880636584003,-0.9308101013061014,-0.6389951473442553,-0.49352860267821486,0.18402752250594479,0.2077913961053875,"-"
-0.5910898450678396,1.7227790520637996,-0.6524419784693242,-0.49352860267821486,-0.3683100014021721,-0.10410265383700336,"-"
-1.0652548558145256,-0.24481411654015056,-0.6643947172471631,-0.49352860267821486,-0.023099048959599057,-0.1950797490201992,"-"
1.1508602737775684,-0.7550424624568461,-0.6270424085664162,-0.49352860267821486,0.4544427685859604,-0.19527168382016377,"-"
1.3114240869404674,-0.8052617878423476,0.15735607372926813,-0.28789168489562533,0.8571888797689623,-0.024065842251786748,"+"
-0.6186867504552127,-0.7801521251495969,0.7176407039404713,-0.08225476711303581,1.9330963482149817,0.18859791610893267,"+"
0.6424081987617222,0.9524146006502059,1.2779253341516743,2.3853882462780382,0.322111903482974,0.6889719396165099,"+"
-0.9255977891572122,1.4214630997507902,1.128516099428687,-0.49352860267821486,0.8974634908872625,-0.19527168382016377,"+"
-1.0652548558145256,-0.06904647769089522,0.23206069109076188,-0.49352860267821486,0.322111903482974,-0.19527168382016377,"+"
-1.0368216805669286,0.9524146006502059,-0.21616701307820063,-0.49352860267821486,-0.3683100014021721,0.22813648490162963,"+"
-0.549276352056668,-0.7801521251495969,-0.35362350902334916,-0.49352860267821486,-0.13816936644045674,0.9294662439720888,"+"
-0.9531946945445854,0.9021952752647043,-0.16686196561961475,0.12338215066955371,-0.828591271325603,-0.1898975094211564,"+"
-0.4865561125399106,-0.8554811132278491,-0.22811975185603967,0.5346559862347328,0.7363650464140618,-0.19527168382016377,"+"
-0.9322879480389996,0.4502213467951906,-0.17881470439745376,0.12338215066955371,0.09197126852125864,0.07170962293052281,"+"
"?",-0.15241055783082777,0.8296976299827119,0.12338215066955371,0.6097876971851183,0.24214772529904163,"+"
0.6215014522561364,0.048466743711178345,0.3814699258137494,1.5628405751476804,-1.0587319062873184,-0.19527168382016377,"+"
2.7188662616965025,-0.9227750092444212,-0.6643947172471631,-0.28789168489562533,0.2760837764906309,-0.17607820382370892,"+"
-0.2774886474840527,0.07357640640392911,0.7549930126212181,-0.08225476711303581,1.3577447608106932,-0.1939281402204119,"+"
-0.23567515447288112,-0.2026298832163293,-0.34017667789828027,-0.28789168489562533,1.075822482982592,-0.19527168382016377,"+"
-0.019917530535235886,2.961187616070267,1.427334568874662,2.7966620818432175,-1.0587319062873184,0.7644023160025774,"+"
-1.0577284270725142,0.8519759498792028,-0.4402808651626819,-0.08225476711303581,-0.5524225093715445,-0.08183821704111577,"+"
-0.5701830985622538,-0.35328785937283386,-0.11606282581379902,3.4135728351909864,-1.0587319062873184,-0.09930428383788965,"+"
-0.0751113413099821,1.4546078545052212,-0.06675777835521314,-0.28789168489562533,0.20704158600211633,-0.19162492262083733,"+"
-0.8837842961460407,0.00628251038735707,0.007946839006280612,-0.28789168489562533,-0.5984506363638875,-0.13769124383079928,"+"
-1.4900799448080286,-0.15241055783082777,-0.14146239571670688,-0.08225476711303581,-0.3683100014021721,-0.003336883855615537,"+"
1.2068903544125384,-0.15241055783082777,-0.6643947172471631,-0.49352860267821486,-0.48338031888302985,-0.011014275854197465,"+"
1.0672332877552253,-0.9559197639988523,0.08265145636777436,-0.49352860267821486,-1.0587319062873184,-0.19527168382016377,"+"
-0.946504535662798,1.044818159359529,-0.6643947172471631,-0.49352860267821486,-1.0587319062873184,-0.19527168382016377,"+"
-0.7441272294887274,-0.4456914180821567,0.10805102627068223,-0.49352860267821486,-1.0587319062873184,-0.19527168382016377,"+"
"?",1.153291902192212,1.2779253341516743,-0.49352860267821486,-1.0587319062873184,-0.19527168382016377,"+"
2.454604985865899,0.048466743711178345,0.5308791605367369,0.32901906845214324,-1.0587319062873184,-0.1762701386236735,"+"
-1.2952290673759692,-0.8052617878423476,-0.14146239571670688,0.5346559862347328,0.9665056813757771,-0.06283667184462549,"+"
-0.28417880636584003,-0.8805907759206,-0.48958591262126777,0.32901906845214324,-0.5984506363638875,-0.19527168382016377,"+"
0.6357180398799348,-0.6124195783620218,-0.6270424085664162,0.5346559862347328,1.7029557132532664,-0.19527168382016377,"+"
-0.9322879480389996,0.5506599975661937,-0.21616701307820063,-0.28789168489562533,-0.13816936644045674,-0.15035894062845948,"+"
-0.13114142194495215,0.10672116115836013,0.007946839006280612,0.5346559862347328,-0.4891338347570727,-0.09930428383788965,"+"
-0.7307469117251528,-0.35328785937283386,-0.2789188916618554,-0.28789168489562533,0.43718222096383175,-0.041723843848525184,"+"
-0.758343817112526,0.7515372991081998,-0.14146239571670688,1.5628405751476804,-0.5984506363638875,-0.005256231855261019,"-"
-0.2498917420966796,-0.621459056931412,0.0572518864648665,-0.49352860267821486,1.472815078291551,-0.19527168382016377,"-"
1.1374799560139939,-0.654603811685843,0.08265145636777436,-0.49352860267821486,-0.25323968392131446,-0.19527168382016377,"-"
0.8372590761937816,-0.6043844863003415,-0.6016428386635084,-0.49352860267821486,-0.13816936644045674,-0.19527168382016377,"-"
2.133477359540101,-0.8886258679822802,-0.36557624780118814,-0.49352860267821486,0.39115409397148865,0.22640907170194868,"-"
2.0222534681303843,0.4662915309185511,1.3526299515131681,0.12338215066955371,-0.48338031888302985,-0.18567494382193636,"-"
0.9769161428510948,4.1081970078751215,-0.6016428386635084,-0.28789168489562533,3.313940157985274,-0.17799755182335442,"-"
-0.5216794466692949,-0.5370905902837695,0.15735607372926813,-0.49352860267821486,1.0125338083681201,-0.1950797490201992,"-"
-0.5843996861860523,-0.8213319719657082,-0.14146239571670688,-0.49352860267821486,1.2426744433298356,-0.19527168382016377,"-"
0.9702259839693075,-0.5039458355293385,-0.4402808651626819,-0.49352860267821486,2.1632369831766973,-0.19527168382016377,"-"
0.7820652654190354,-0.7881872172112772,-0.6643947172471631,-0.49352860267821486,-0.31077484266174327,-0.1950797490201992,"-"
0.0218959624759357,-0.4537265101438369,1.5767438035976493,-0.49352860267821486,1.9503568958371105,-0.19527168382016377,"-"
0.1966763632626332,-0.6375292410547725,-0.6643947172471631,-0.49352860267821486,0.7823931734064048,-0.19527168382016377,"-"
-0.5559665109384553,-0.7048231370713446,-0.6643947172471631,-0.49352860267821486,-0.5984506363638875,-0.19527168382016377,"-"
0.3079002546723495,-0.32014310461840284,0.45617454317524314,-0.49352860267821486,2.8536588880618434,-0.19527168382016377,"-"
0.22427326865000632,-0.6043844863003415,-0.5896900998856694,-0.49352860267821486,-0.1209088188183281,-0.19527168382016377,"-"
4.071114625677792,0.1489053944821814,-0.5030327437463367,-0.49352860267821486,-1.0587319062873184,-0.13001385183221736,"-"
-1.0159149340613427,-0.654603811685843,-0.06675777835521314,-0.49352860267821486,-0.48338031888302985,-0.19143298782087279,"-"
0.9351026498399233,-0.35328785937283386,-0.36557624780118814,-0.49352860267821486,-1.0587319062873184,-0.1568847238272541,"-"
-0.9950081875557569,1.052853251421209,-0.414881295259774,-0.49352860267821486,-0.25323968392131446,-0.19527168382016377,"-"
0.39821739957647995,-0.19459479115464903,-0.31627120034260225,-0.49352860267821486,0.09197126852125864,-0.19527168382016377,"-"
-0.12445126306316485,-0.7470073703951658,-0.5149854825241756,1.5628405751476804,-0.2992678109136575,-0.1898975094211564,"-"
1.060543128873438,1.253730552963215,-0.21616701307820063,-0.49352860267821486,-1.0587319062873184,-0.19527168382016377,"-"
-0.6680266722083954,-0.8635162052895294,0.12000376504852124,0.7402929040173223,0.1379993955136017,-0.12867030823246553,"-"
-0.6395934969607985,-0.654603811685843,-0.10411008703596002,0.7402929040173223,0.09197126852125864,-0.1325090042317565,"+"
0.13395612374587584,-0.7550424624568461,-0.4402808651626819,0.9459298217999118,0.8974634908872625,0.586094886835512,"+"
1.401741231844598,1.4546078545052212,4.116700793888437,-0.49352860267821486,-0.425845160142601,-0.19527168382016377,"+"
3.778420174599591,3.5216352873724635,3.145540768189018,-0.28789168489562533,-1.0587319062873184,-0.174350790624028,"+"
1.6526221899116276,1.052853251421209,-0.6643947172471631,1.76847749293027,-1.0587319062873184,0.04445488133555697,"+"
0.2660867616611779,2.0572397591312397,0.9417545560249525,1.357203657365091,-1.0587319062873184,-0.1695524206249143,"+"
0.5863781181267521,-0.2859939633562618,0.5308791605367369,2.3853882462780382,1.1448646734711065,0.06268868733218905,"+"
-0.7650339759943132,1.3039498783487167,-0.4402808651626819,0.32901906845214324,-1.0587319062873184,-0.13366061303154378,"+"
0.8656922514413785,-0.8715512973512096,-0.6016428386635084,0.7402929040173223,0.20704158600211633,-0.013317493453772044,"+"
-0.16626475607433644,-0.05197190705982471,1.5767438035976493,-0.08225476711303581,0.8399283321468336,-0.19527168382016377,"+"
0.05032913772353266,-0.6626389037475233,-0.34017667789828027,2.7966620818432175,-0.3683100014021721,0.203760765306132,"+"
1.6601486186536387,-0.947884671937172,-0.6524419784693242,-0.49352860267821486,-1.0587319062873184,0.3805327160734809,"+"
-0.7307469117251528,-0.49591074346765823,0.019899577784119625,0.9459298217999118,-0.25323968392131446,0.2623008792953192,"+"
-0.549276352056668,1.5208973640140833,0.3814699258137494,0.7402929040173223,1.2426744433298356,-0.10736554543640067,"+"
-0.40292912651756746,-0.7299327997640953,-0.2908716304396944,-0.49352860267821486,-1.0587319062873184,0.8215988863920127,"+"
-0.6889334187139813,-0.654603811685843,-0.2415665829811085,-0.49352860267821486,1.369251792558779,-0.1568847238272541,"+"
-0.5977800039496269,1.5219017505217933,-0.1907674431752928,-0.49352860267821486,-0.3683100014021721,-0.19527168382016377,"+"
0.8865989979469644,0.0565018357728586,3.145540768189018,-0.49352860267821486,-0.529408445875373,-0.19527168382016377,"+"
-0.8980008837698392,-0.35328785937283386,-0.6524419784693242,-0.49352860267821486,-0.48338031888302985,-0.19527168382016377,"+"
-0.709840165219567,1.3541692037342181,-0.029405469674466264,1.76847749293027,0.6097876971851183,-0.14076220063023206,"+"
-0.5350597644328695,-0.37839752206558463,-0.40292855648193504,-0.49352860267821486,1.0125338083681201,-0.19527168382016377,"+"
0.9626995552272963,-0.8805907759206,-0.5523377912049225,1.1515667395825013,0.6673228559255471,-0.16417824622590693,"+"
0.3497137476835211,-0.7721170330879166,-0.4402808651626819,0.32901906845214324,-1.0587319062873184,0.10856110452371608,"+"
2.335854665714171,-0.4035071847583354,-0.14146239571670688,0.5346559862347328,-0.7135209538447452,-0.18413946542221996,"+"
-0.8837842961460407,-0.35328785937283386,-0.34017667789828027,1.1515667395825013,-0.13816936644045674,-0.1950797490201992,"+"
-0.8068474690054849,-0.847446021166169,-0.6524419784693242,-0.28789168489562533,3.7742214279087047,-0.1839475306222554,"+"
2.810019676460857,1.8563624575892335,-0.6643947172471631,1.76847749293027,-1.0587319062873184,0.07343703613020375,"+"
-0.9398143767810108,1.052853251421209,-0.36557624780118814,0.32901906845214324,-0.771056112585174,0.08591279812789938,"+"
0.05701929660531997,-0.9227750092444212,0.30676530845225564,-0.28789168489562533,1.426786951299208,1.340206715896222,"+"
-0.11692483432115368,-0.8554811132278491,-0.14146239571670688,1.76847749293027,-0.874619398317946,-0.09162689183930772,"+"
-0.5350597644328695,0.24934404525318446,-0.36557624780118814,0.12338215066955371,-1.0587319062873184,-0.19527168382016377,"+"
0.6357180398799348,-0.6294941489930923,-0.21616701307820063,1.5628405751476804,0.011422046284658254,0.7068218760132129,"+"
0.6281916111379237,0.24934404525318446,-0.2789188916618554,0.5346559862347328,-0.43735219189068675,0.01528079174094564,"+"
0.008515644712361077,-0.7891916037189871,-0.2654720605367865,1.1515667395825013,0.6845834035476758,0.4361938080631999,"+"
0.7887554243008227,-0.947884671937172,-0.6524419784693242,-0.28789168489562533,2.1632369831766973,-0.19527168382016377,"+"
1.4159578194683964,-0.10219123244532624,-0.6270424085664162,-0.49352860267821486,0.23580916537233076,-0.19527168382016377,"+"
0.09214263073470425,0.8519759498792028,0.9044022473442056,-0.49352860267821486,-0.17269046168471405,-0.19527168382016377,"+"
-0.2917052351078512,2.0572397591312397,-0.6643947172471631,-0.49352860267821486,-1.0587319062873184,2.3405708933114475,"+"
3.499942311145188,2.6096523383717565,-0.6643947172471631,-0.49352860267821486,-1.0587319062873184,-0.19527168382016377,"+"
2.7188662616965025,3.06162626684127,4.5649284980574,1.357203657365091,-1.0587319062873184,-0.003336883855615537,"+"
1.6735289364172132,2.0572397591312397,1.8755622730436243,1.357203657365091,-1.0587319062873184,-0.19527168382016377,"+"
-0.40961928539935477,-0.6043844863003415,-0.36557624780118814,0.5346559862347328,-0.13816936644045674,0.9135356555750314,"+"
-0.5216794466692949,-0.8394109291044887,-0.5777373611078304,0.9459298217999118,-0.5063943823792014,0.7882022311981813,"+"
-0.11692483432115368,0.34978269602418754,0.26941299977150873,1.1515667395825013,0.8399283321468336,0.035050076137294106,"+"
-0.3820223800119817,-0.8052617878423476,0.6055837778982306,0.12338215066955371,0.7363650464140618,-0.1664814638254815,"+"
-0.7023137364775559,-0.9559197639988523,-0.6643947172471631,-0.49352860267821486,"?",-0.19527168382016377,"+"
0.217583109768219,0.09868606909667987,-0.6389951473442553,-0.49352860267821486,0.6097876971851183,-0.19412007502037648,"+"
0.5939045468687633,-0.913735530675031,-0.6389951473442553,-0.49352860267821486,0.5522525384446895,-0.19527168382016377,"+"
-0.4865561125399106,-0.8052617878423476,-0.5896900998856694,-0.49352860267821486,0.9492451337536485,-0.19085718342097915,"+"
1.2135805132943258,-0.35328785937283386,0.04529914768702749,1.1515667395825013,1.219660379833664,0.6029851492323923,"+"
-0.841970803134869,0.24934404525318446,0.08265145636777436,0.12338215066955371,-0.5984506363638875,-0.019075537452708492,"+"
-0.9607211232865965,-0.9308101013061014,-0.36557624780118814,-0.28789168489562533,0.322111903482974,-0.047865757447390724,"+"
-0.9255977891572122,-0.47080108077490745,-0.06675777835521314,1.76847749293027,0.09197126852125864,0.3805327160734809,"+"
-0.17295491495612375,-0.8635162052895294,-0.5030327437463367,0.32901906845214324,1.127604125848978,-0.09930428383788965,"+"
0.8932891568287517,-0.6043844863003415,-0.6643947172471631,-0.49352860267821486,-0.1957045251808856,-0.1950797490201992,"-"
-0.14535800956875064,-0.7048231370713446,-0.5896900998856694,-0.49352860267821486,0.23005564949828788,-0.19527168382016377,"-"
-0.9607211232865965,-0.9057004386133507,-0.6270424085664162,-0.49352860267821486,0.09197126852125864,-0.19527168382016377,"-"
-0.68140698997197,-0.8384065425967786,-0.6389951473442553,-0.49352860267821486,-0.023099048959599057,-0.19527168382016377,"-"
-0.16626475607433644,-0.6043844863003415,-0.2908716304396944,-0.49352860267821486,0.5522525384446895,-0.19527168382016377,"-"
-1.287702638633958,-0.947884671937172,-0.6524419784693242,-0.49352860267821486,-1.0587319062873184,-0.19527168382016377,"+"
0.06370945548710728,-0.2528492086018308,-0.5149854825241756,-0.49352860267821486,0.2760837764906309,-0.19527168382016377,"-"
"?",-0.947884671937172,0.6055837778982306,-0.49352860267821486,1.5878853957724086,-0.19527168382016377,"-"
1.3599277388334263,-0.11926580307639675,-0.6389951473442553,-0.49352860267821486,1.9330963482149817,-0.19527168382016377,"-"
-0.9674112821683839,-0.7048231370713446,-0.6270424085664162,-0.49352860267821486,-0.25323968392131446,-0.19450394462030557,"-"
-0.3335187281190228,-0.30306853398733236,0.8550971998856197,-0.08225476711303581,1.064315451234506,-0.1950797490201992,"-"
-0.8001573101236975,-0.7972266957806674,-0.5777373611078304,-0.28789168489562533,1.3577447608106932,-0.1409541354301966,"-"
-1.0234413628033538,1.2366559823321444,-0.48958591262126777,-0.08225476711303581,0.09197126852125864,-0.1939281402204119,"-"
0.5654713716211663,-0.06904647769089522,-0.6270424085664162,-0.49352860267821486,-0.13816936644045674,-0.19527168382016377,"-"
-0.17964507383791106,-0.7048231370713446,-0.5896900998856694,-0.08225476711303581,1.2426744433298356,-0.17454272542399255,"-"
-0.7441272294887274,-0.8052617878423476,-0.1907674431752928,-0.28789168489562533,1.2426744433298356,-0.19354427062048282,"-"
0.05701929660531997,1.8563624575892335,-0.6643947172471631,-0.08225476711303581,-0.13816936644045674,-0.1950797490201992,"-"
-0.16626475607433644,-0.0017525816743231815,-0.06675777835521314,-0.28789168489562533,1.5878853957724086,-0.1822201174225745,"-"
-1.099541920083686,1.1362173315611412,-0.6270424085664162,-0.49352860267821486,-0.3683100014021721,-0.12329613383345818,"-"
-0.785940722499899,-0.5039458355293385,-0.6270424085664162,-0.49352860267821486,-0.13816936644045674,-0.19335233582051828,"-"
-0.7441272294887274,-0.9227750092444212,0.007946839006280612,-0.49352860267821486,-1.0587319062873184,-0.19527168382016377,"+"
-0.5007727001637091,-0.9559197639988523,-0.6643947172471631,-0.49352860267821486,"?",-0.19527168382016377,"+"
-1.0652548558145256,-0.9559197639988523,-0.46568043506558976,-0.49352860267821486,-0.13816936644045674,-0.1950797490201992,"-"
-0.8352806442530818,-0.7972266957806674,-0.46568043506558976,-0.49352860267821486,-0.13816936644045674,-0.19527168382016377,"-"
-0.653810084584597,1.4546078545052212,-0.04135820845230528,-0.49352860267821486,-0.5984506363638875,-0.19527168382016377,"-"
-0.8001573101236975,0.6179538935827656,-0.6150896697885773,-0.49352860267821486,"?",-0.19527168382016377,"-"
0.3773106530708942,-0.4456914180821567,-0.6643947172471631,-0.49352860267821486,-1.0587319062873184,-0.003336883855615537,"-"
-0.19386166146170952,1.6554851560472272,-0.5149854825241756,-0.49352860267821486,0.2530697129944594,-0.19527168382016377,"-"
-1.0025346162977682,-0.8223363584734181,-0.16686196561961475,-0.49352860267821486,0.20704158600211633,-0.19431200982034103,"-"
-0.7232204829831417,-0.7048231370713446,-0.5896900998856694,-0.49352860267821486,-0.3683100014021721,-0.03999643064884425,"-"
-0.36111563350639586,-0.8976653465516704,-0.6270424085664162,-0.28789168489562533,0.5062244114523463,-0.17454272542399255,"-"
0.6005947057505506,-0.654603811685843,-0.6643947172471631,-0.49352860267821486,-0.621464699860059,-0.19527168382016377,"-"
0.07123588422911846,-0.521020406160409,-0.6643947172471631,-0.49352860267821486,-0.3683100014021721,-0.19527168382016377,"-"
-0.653810084584597,-0.8132968799040279,-0.5896900998856694,-0.28789168489562533,0.322111903482974,-0.19450394462030557,"-"
-1.1204486665892717,-0.4617616022055172,-0.37752898657902717,-0.08225476711303581,-0.13816936644045674,-0.08260595624097396,"-"
0.7820652654190354,-0.8554811132278491,-0.5149854825241756,-0.49352860267821486,-0.31077484266174327,-0.19527168382016377,"-"
-1.0092247751795553,0.9694891712812765,-0.4283281263848429,-0.49352860267821486,-0.5984506363638875,-0.12809450383257187,"-"
-0.2498917420966796,-0.22773954590908005,-0.5896900998856694,-0.49352860267821486,-0.48338031888302985,-0.19527168382016377,"-"
0.3354971600597226,-0.8052617878423476,-0.21616701307820063,-0.49352860267821486,0.27033026061658805,-0.19527168382016377,"-"
0.217583109768219,-0.4035071847583354,0.08265145636777436,-0.49352860267821486,0.2760837764906309,-0.1568847238272541,"-"
0.13395612374587584,-0.5039458355293385,0.3814699258137494,-0.49352860267821486,0.09197126852125864,-0.16820887702516246,"-"
0.0009892159703499062,-0.8052617878423476,0.3814699258137494,-0.49352860267821486,0.7823931734064048,-0.19527168382016377,"-"
1.7504657635577692,0.4502213467951906,0.23206069109076188,-0.49352860267821486,-1.0587319062873184,-0.19527168382016377,"-"
0.3848370818129053,-0.8715512973512096,-0.5777373611078304,-0.49352860267821486,0.7191044987919331,-0.19488781422023466,"-"
0.48184438559882314,-0.4205817553894059,-0.6150896697885773,-0.49352860267821486,-1.0587319062873184,-0.0991123490379251,"-"
-0.8980008837698392,0.7515372991081998,-0.6150896697885773,-0.49352860267821486,-1.0587319062873184,-0.12790256903260733,"-"
-0.6262131791972239,0.8519759498792028,-0.5896900998856694,-0.49352860267821486,-1.0587319062873184,-0.19527168382016377,"-"
-0.5007727001637091,-0.8886258679822802,0.3814699258137494,-0.49352860267821486,0.8974634908872625,-0.19527168382016377,"-"
0.3012100957905622,-0.2026298832163293,-0.6643947172471631,0.7402929040173223,-1.0587319062873184,-0.1568847238272541,"-"
1.3808344853390122,-0.2026298832163293,-0.36557624780118814,-0.49352860267821486,-0.48338031888302985,-0.19488781422023466,"-"
-1.3161358138815549,0.5757696602589444,-0.6270424085664162,-0.28789168489562533,-1.0587319062873184,-0.16456211582583605,"-"
-0.758343817112526,-0.8725556838589197,-0.5642905299827615,-0.49352860267821486,-0.2302256204251429,-0.19527168382016377,"-"
-0.841970803134869,1.3541692037342181,-0.5149854825241756,-0.49352860267821486,-0.48338031888302985,-0.1822201174225745,"-"
-0.6680266722083954,-0.7891916037189871,-0.5403850524270836,-0.28789168489562533,0.09197126852125864,-0.19316040102055373,"-"
-0.8770941372642533,0.048466743711178345,-0.6643947172471631,-0.49352860267821486,-1.0587319062873184,-0.19527168382016377,"-"
-0.4932462714216979,-0.30306853398733236,0.019899577784119625,-0.28789168489562533,1.3347306973145217,-0.19124105302090824,"-"
0.614811293374349,-0.621459056931412,-0.5896900998856694,-0.49352860267821486,-1.0587319062873184,-0.12041711183398995,"-"
-1.3228259727633422,-0.8805907759206,-0.36557624780118814,-0.49352860267821486,-0.3683100014021721,-0.1918168574208019,"-"
-0.2498917420966796,-0.2026298832163293,-0.5896900998856694,-0.28789168489562533,-0.828591271325603,-0.16571372462562334,"-"
-0.7792505636181117,0.8519759498792028,-0.6389951473442553,-0.49352860267821486,-1.0587319062873184,-0.19527168382016377,"-"
-0.14535800956875064,-0.2528492086018308,-0.6150896697885773,-0.49352860267821486,0.18402752250594479,-0.19527168382016377,"-"
-0.6747168310901828,-0.654603811685843,-0.40292855648193504,-0.49352860267821486,-0.13816936644045674,-0.19527168382016377,"-"
0.04280270898152149,-0.15241055783082777,-0.21616701307820063,-0.49352860267821486,-0.3683100014021721,-0.19527168382016377,"-"
-0.04082427704082168,-0.654603811685843,-0.6524419784693242,-0.49352860267821486,-0.13816936644045674,-0.19527168382016377,"-"
0.0218959624759357,-0.947884671937172,-0.6524419784693242,-0.49352860267821486,-1.0587319062873184,-0.19527168382016377,"-"
-0.8210640566292833,1.4043885291197196,-0.5896900998856694,-0.49352860267821486,-0.023099048959599057,-0.19527168382016377,"-"
-1.1413554130948576,-0.847446021166169,-0.14146239571670688,-0.28789168489562533,-0.5984506363638875,-0.19431200982034103,"-"
-0.10354451655757906,-0.8554811132278491,-0.6389951473442553,-0.49352860267821486,0.39115409397148865,-0.19527168382016377,"-"
1.6944356829227991,-0.5461300688531597,-0.21616701307820063,-0.49352860267821486,-0.3683100014021721,-0.1950797490201992,"-"
1.3047339280586803,0.21619929049875344,0.9791068647056994,-0.49352860267821486,1.616652975142623,-0.1664814638254815,"-"
-0.47986595365812335,1.6223404012927964,-0.5149854825241756,-0.49352860267821486,-1.0587319062873184,-0.19488781422023466,"-"
1.5623050450074971,-0.7881872172112772,-0.5149854825241756,-0.49352860267821486,0.322111903482974,-0.17281531222431162,"-"
-0.17295491495612375,-0.55416516091484,-0.06675777835521314,-0.49352860267821486,0.41416815746766017,-0.19200879222076644,"-"
0.48184438559882314,-0.4537265101438369,-0.6016428386635084,-0.49352860267821486,0.43718222096383175,-0.1480557230288849,"-"
0.8372590761937816,-0.7470073703951658,-0.46568043506558976,-0.49352860267821486,0.322111903482974,-0.14978313622856584,"-"
-0.08263777005199327,1.186436656946643,-0.6389951473442553,1.9741144107128594,-0.3165283585357862,-0.1946958794202701,"-"
-1.0159149340613427,0.5004406721806921,-0.6524419784693242,-0.28789168489562533,-0.48338031888302985,-0.1950797490201992,"-"
-1.1413554130948576,1.0950374847450304,-0.6643947172471631,-0.49352860267821486,-1.0587319062873184,-0.18567494382193636,"-"
-0.9607211232865965,-0.7048231370713446,-0.6643947172471631,-0.49352860267821486,-1.0587319062873184,-0.19527168382016377,"-"
-1.0092247751795553,-0.8976653465516704,-0.5777373611078304,-0.49352860267821486,0.5522525384446895,-0.1254074166330682,"-"
-0.312611981613437,-0.7550424624568461,0.23206069109076188,-0.49352860267821486,-0.04611311245577059,-0.09220269623920137,"-"
-1.2116020813536261,-0.2950334419256521,-0.5642905299827615,-0.49352860267821486,-0.25323968392131446,-0.19488781422023466,"-"
0.40574382831849115,-0.8052617878423476,-0.48958591262126777,-0.49352860267821486,0.322111903482974,-0.1946958794202701,"-"
0.7536320901714384,-0.2950334419256521,0.3814699258137494,-0.49352860267821486,1.2426744433298356,-0.19527168382016377,"-"
-0.8770941372642533,1.0699278220522797,-0.2908716304396944,-0.49352860267821486,0.43718222096383175,-0.19527168382016377,"-"
-0.7441272294887274,-0.8052617878423476,-0.06675777835521314,-0.08225476711303581,0.09197126852125864,-0.11964937263413176,"-"
-0.5283696055510823,1.7559238068182303,-0.06675777835521314,-0.28789168489562533,0.09197126852125864,-0.1950797490201992,"-"
-1.1413554130948576,-0.914739917182741,-0.6524419784693242,-0.49352860267821486,0.5522525384446895,-0.051320583846752595,"-"
0.28699350816676367,-0.2779588712945816,1.8128103944599694,-0.49352860267821486,-1.0587319062873184,-0.19527168382016377,"-"
